State,Year,Indicator,Value
AK,2015,Number of Drug Overdose Deaths,127
AK,2015,"Synthetic opioids, excl. methadone and rehabilitory compounds",17
AK,2015,Heroin ,39
AK,2015,Other natural & semi-synthetic opioids,49
AK,2016,Heroin ,49
AK,2015,Number of Deaths,"4,242"
AK,2016,"Synthetic opioids, excl. methadone and rehabilitory compounds",13
AK,2016,Cocaine,15
AK,2016,Other natural & semi-synthetic opioids,63
AK,2017,Heroin ,50
AK,2016,Number of Deaths,"4,355"
AK,2016,Number of Drug Overdose Deaths,143
AK,2017,Cocaine,22
AK,2017,Number of Deaths,"4,374"
AK,2017,Other natural & semi-synthetic opioids,48
AK,2017,"Synthetic opioids, excl. methadone and rehabilitory compounds",37
AK,2018,Heroin ,37
AK,2017,Number of Drug Overdose Deaths,148
AK,2018,Number of Deaths,"4,383"
AK,2018,Other natural & semi-synthetic opioids,48
AK,2018,Number of Drug Overdose Deaths,142
AK,2018,"Synthetic opioids, excl. methadone and rehabilitory compounds",38
AK,2019,Heroin ,49
AK,2018,Cocaine,16
AK,2019,Number of Deaths,"4,528"
AK,2020,Heroin ,43
AK,2019,"Synthetic opioids, excl. methadone and rehabilitory compounds",27
AK,2019,Other natural & semi-synthetic opioids,45
AK,2019,Cocaine,13
AK,2019,Number of Drug Overdose Deaths,146
AK,2020,"Synthetic opioids, excl. methadone and rehabilitory compounds",61
AK,2020,Number of Deaths,"5,008"
AK,2021,Heroin ,71
AK,2020,Other natural & semi-synthetic opioids,40
AK,2020,Cocaine,21
AK,2020,Number of Drug Overdose Deaths,146
AK,2021,Other natural & semi-synthetic opioids,74
AK,2021,"Synthetic opioids, excl. methadone and rehabilitory compounds",151
AK,2021,Number of Deaths,"6,076"
AK,2022,Heroin ,64
AK,2021,Cocaine,21
AK,2021,Number of Drug Overdose Deaths,255
AL,2022,Heroin ,79
AK,2022,"Synthetic opioids, excl. methadone and rehabilitory compounds",156
AK,2022,Other natural & semi-synthetic opioids,75
AK,2022,Number of Deaths,"6,297"
AK,2022,Cocaine,16
AK,2022,Number of Drug Overdose Deaths,257
AR,2021,Heroin ,11
AR,2022,Heroin ,10
AZ,2017,Heroin ,341
AL,2015,Number of Drug Overdose Deaths,755
AL,2015,Number of Deaths,"51,091"
AL,2016,Number of Drug Overdose Deaths,740
AL,2016,Number of Deaths,"51,431"
AL,2017,Number of Drug Overdose Deaths,812
AL,2018,Number of Drug Overdose Deaths,799
AL,2017,Number of Deaths,"52,307"
AL,2018,Number of Deaths,"53,500"
AL,2019,Number of Drug Overdose Deaths,750
AL,2020,Number of Drug Overdose Deaths,989
AL,2019,Number of Deaths,"53,210"
AL,2021,Number of Drug Overdose Deaths,"1,333"
AL,2020,Number of Deaths,"63,362"
AL,2022,"Synthetic opioids, excl. methadone and rehabilitory compounds",957
AL,2022,Other natural & semi-synthetic opioids,125
AL,2022,Cocaine,247
AL,2022,Number of Drug Overdose Deaths,"1,411"
AL,2021,Number of Deaths,"69,542"
AZ,2018,Heroin ,368
AL,2022,Number of Deaths,"66,607"
AR,2015,Number of Drug Overdose Deaths,398
AR,2015,Number of Deaths,"31,015"
AR,2016,Number of Deaths,"31,028"
AR,2016,Number of Drug Overdose Deaths,383
AR,2017,Number of Deaths,"31,823"
AR,2017,Number of Drug Overdose Deaths,413
AR,2018,Number of Deaths,"32,398"
AR,2018,Number of Drug Overdose Deaths,457
AR,2019,Number of Deaths,"32,319"
AR,2019,Number of Drug Overdose Deaths,451
AR,2020,Number of Deaths,"37,820"
AR,2020,Number of Drug Overdose Deaths,514
AR,2021,Other natural & semi-synthetic opioids,97
AR,2021,"Synthetic opioids, excl. methadone and rehabilitory compounds",285
AR,2021,Cocaine,63
AR,2021,Number of Drug Overdose Deaths,627
AR,2021,Number of Deaths,"41,199"
AR,2022,"Synthetic opioids, excl. methadone and rehabilitory compounds",333
AR,2022,Other natural & semi-synthetic opioids,110
AR,2022,Number of Deaths,"40,315"
AR,2022,Cocaine,65
AR,2022,Number of Drug Overdose Deaths,644
AZ,2015,Number of Drug Overdose Deaths,"1,269"
AZ,2015,Number of Deaths,"54,421"
AZ,2016,Number of Deaths,"57,277"
AZ,2016,Number of Drug Overdose Deaths,"1,421"
AZ,2017,"Synthetic opioids, excl. methadone and rehabilitory compounds",263
AZ,2017,Other natural & semi-synthetic opioids,350
AZ,2017,Cocaine,136
AZ,2017,Number of Drug Overdose Deaths,"1,555"
AZ,2017,Number of Deaths,"58,440"
AZ,2018,Other natural & semi-synthetic opioids,349
AZ,2018,"Synthetic opioids, excl. methadone and rehabilitory compounds",527
AZ,2019,Heroin ,361
AZ,2018,Cocaine,175
AZ,2018,Number of Drug Overdose Deaths,"1,730"
AZ,2018,Number of Deaths,"60,384"
AZ,2020,Heroin ,270
AZ,2019,"Synthetic opioids, excl. methadone and rehabilitory compounds",824
AZ,2019,Other natural & semi-synthetic opioids,326
AZ,2019,Cocaine,173
AZ,2019,Number of Drug Overdose Deaths,"1,981"
AZ,2019,Number of Deaths,"61,103"
AZ,2020,"Synthetic opioids, excl. methadone and rehabilitory compounds","1,519"
AZ,2021,Heroin ,216
AZ,2020,Other natural & semi-synthetic opioids,336
AZ,2020,Cocaine,192
AZ,2020,Number of Deaths,"77,090"
AZ,2020,Number of Drug Overdose Deaths,"2,649"
AZ,2021,Other natural & semi-synthetic opioids,327
AZ,2021,"Synthetic opioids, excl. methadone and rehabilitory compounds","1,792"
AZ,2022,Heroin ,99
AZ,2021,Cocaine,210
AZ,2021,Number of Drug Overdose Deaths,"2,780"
AZ,2021,Number of Deaths,"83,221"
CA,2019,Heroin ,"1,025"
AZ,2022,"Synthetic opioids, excl. methadone and rehabilitory compounds","1,807"
AZ,2022,Other natural & semi-synthetic opioids,248
AZ,2022,Cocaine,235
AZ,2022,Number of Drug Overdose Deaths,"2,776"
AZ,2022,Number of Deaths,"81,449"
CA,2020,Heroin ,"1,021"
CA,2015,Number of Deaths,"260,172"
CA,2015,Number of Drug Overdose Deaths,"4,784"
CA,2016,Number of Deaths,"263,199"
CA,2016,Number of Drug Overdose Deaths,"4,844"
CA,2017,Number of Deaths,"269,377"
CA,2017,Number of Drug Overdose Deaths,"5,078"
CA,2018,Number of Deaths,"272,660"
CA,2018,Number of Drug Overdose Deaths,"5,494"
CA,2019,"Synthetic opioids, excl. methadone and rehabilitory compounds","1,727"
CA,2019,Other natural & semi-synthetic opioids,950
CA,2019,Cocaine,870
CA,2019,Number of Drug Overdose Deaths,"6,363"
CA,2019,Number of Deaths,"270,202"
CA,2020,"Synthetic opioids, excl. methadone and rehabilitory compounds","4,195"
CA,2021,Heroin ,"1,037"
CA,2020,Other natural & semi-synthetic opioids,"1,013"
CA,2020,Cocaine,"1,246"
CA,2020,Number of Deaths,"320,832"
CA,2020,Number of Drug Overdose Deaths,"9,209"
CA,2021,Other natural & semi-synthetic opioids,"1,057"
CA,2021,"Synthetic opioids, excl. methadone and rehabilitory compounds","6,411"
CA,2022,Heroin ,767
CA,2021,Cocaine,"1,439"
CA,2021,Number of Drug Overdose Deaths,"11,398"
CA,2021,Number of Deaths,"351,127"
CO,2018,Heroin ,234
CA,2022,"Synthetic opioids, excl. methadone and rehabilitory compounds","6,647"
CA,2022,Other natural & semi-synthetic opioids,"1,031"
CA,2022,Cocaine,"1,469"
CA,2022,Number of Drug Overdose Deaths,"11,448"
CO,2019,Heroin ,239
CA,2022,Number of Deaths,"322,224"
CO,2015,Number of Drug Overdose Deaths,950
CO,2015,Number of Deaths,"37,144"
CO,2016,Number of Drug Overdose Deaths,965
CO,2016,Number of Deaths,"38,075"
CO,2017,Number of Deaths,"38,759"
CO,2017,Number of Drug Overdose Deaths,"1,046"
CO,2018,Number of Deaths,"39,286"
CO,2018,"Synthetic opioids, excl. methadone and rehabilitory compounds",130
CO,2018,Cocaine,133
CO,2018,Other natural & semi-synthetic opioids,255
CO,2018,Number of Drug Overdose Deaths,"1,068"
CO,2020,Heroin ,234
CO,2019,"Synthetic opioids, excl. methadone and rehabilitory compounds",251
CO,2019,Other natural & semi-synthetic opioids,238
CO,2019,Cocaine,135
CO,2019,Number of Deaths,"40,105"
CO,2019,Number of Drug Overdose Deaths,"1,100"
CO,2020,"Synthetic opioids, excl. methadone and rehabilitory compounds",586
CO,2021,Heroin ,236
CO,2020,Other natural & semi-synthetic opioids,285
CO,2020,Cocaine,238
CO,2020,Number of Deaths,"47,595"
CO,2020,Number of Drug Overdose Deaths,"1,519"
CO,2021,Other natural & semi-synthetic opioids,307
CO,2021,"Synthetic opioids, excl. methadone and rehabilitory compounds",987
CO,2022,Heroin ,180
CO,2021,Cocaine,274
CO,2021,Number of Drug Overdose Deaths,"1,917"
CO,2021,Number of Deaths,"49,411"
CT,2015,Heroin ,394
CO,2022,"Synthetic opioids, excl. methadone and rehabilitory compounds","1,052"
CO,2022,Other natural & semi-synthetic opioids,280
CO,2022,Cocaine,295
CO,2022,Number of Drug Overdose Deaths,"1,960"
CO,2022,Number of Deaths,"50,721"
CT,2015,"Synthetic opioids, excl. methadone and rehabilitory compounds",217
CT,2015,Other natural & semi-synthetic opioids,188
CT,2016,Heroin ,462
CT,2015,Cocaine,168
CT,2015,Number of Drug Overdose Deaths,800
CT,2015,Number of Deaths,"30,751"
CT,2016,"Synthetic opioids, excl. methadone and rehabilitory compounds",508
CT,2016,Cocaine,237
CT,2016,Other natural & semi-synthetic opioids,214
CT,2017,Heroin ,476
CT,2016,Number of Deaths,"30,641"
CT,2016,Number of Drug Overdose Deaths,939
CT,2017,Cocaine,294
CT,2017,Other natural & semi-synthetic opioids,224
CT,2017,"Synthetic opioids, excl. methadone and rehabilitory compounds",696
CT,2018,Heroin ,405
CT,2017,Number of Drug Overdose Deaths,"1,092"
CT,2017,Number of Deaths,"31,543"
CT,2018,Other natural & semi-synthetic opioids,188
CT,2018,"Synthetic opioids, excl. methadone and rehabilitory compounds",787
CT,2019,Heroin ,361
CT,2018,Cocaine,314
CT,2018,Number of Deaths,"31,745"
CT,2018,Number of Drug Overdose Deaths,"1,097"
CT,2020,Heroin ,333
CT,2019,"Synthetic opioids, excl. methadone and rehabilitory compounds",974
CT,2019,Other natural & semi-synthetic opioids,209
CT,2019,Cocaine,375
CT,2019,Number of Deaths,"31,929"
CT,2019,Number of Drug Overdose Deaths,"1,231"
CT,2020,"Synthetic opioids, excl. methadone and rehabilitory compounds","1,150"
CT,2021,Heroin ,205
CT,2020,Other natural & semi-synthetic opioids,217
CT,2020,Cocaine,453
CT,2020,Number of Drug Overdose Deaths,"1,385"
CT,2020,Number of Deaths,"37,032"
CT,2021,Other natural & semi-synthetic opioids,220
CT,2021,"Synthetic opioids, excl. methadone and rehabilitory compounds","1,312"
CT,2022,Heroin ,109
CT,2021,Cocaine,549
CT,2021,Number of Drug Overdose Deaths,"1,562"
CT,2021,Number of Deaths,"39,212"
DE,2018,Heroin ,151
CT,2022,"Synthetic opioids, excl. methadone and rehabilitory compounds","1,303"
CT,2022,Other natural & semi-synthetic opioids,197
CT,2022,Cocaine,585
CT,2022,Number of Drug Overdose Deaths,"1,547"
CT,2022,Number of Deaths,"35,415"
DE,2019,Heroin ,147
DE,2015,Number of Drug Overdose Deaths,210
DE,2015,Number of Deaths,"8,686"
DE,2016,Number of Deaths,"8,980"
DE,2016,Number of Drug Overdose Deaths,285
DE,2017,Number of Deaths,"9,150"
DE,2017,Number of Drug Overdose Deaths,345
DE,2018,Other natural & semi-synthetic opioids,71
DE,2018,"Synthetic opioids, excl. methadone and rehabilitory compounds",301
DE,2018,Cocaine,149
DE,2018,Number of Drug Overdose Deaths,405
DE,2018,Number of Deaths,"9,547"
DE,2020,Heroin ,117
DE,2019,"Synthetic opioids, excl. methadone and rehabilitory compounds",336
DE,2019,Other natural & semi-synthetic opioids,64
DE,2019,Cocaine,160
DE,2019,Number of Deaths,"9,443"
DE,2019,Number of Drug Overdose Deaths,427
DE,2020,Heroin ,92
DE,2020,"Synthetic opioids, excl. methadone and rehabilitory compounds",402
DE,2021,Heroin ,91
DE,2020,Other natural & semi-synthetic opioids,55
DE,2020,Cocaine,175
DE,2020,Number of Deaths,"10,990"
DE,2020,Number of Drug Overdose Deaths,476
DE,2021,Other natural & semi-synthetic opioids,51
DE,2021,"Synthetic opioids, excl. methadone and rehabilitory compounds",409
DE,2022,Heroin ,64
DE,2021,Cocaine,197
DE,2021,Number of Drug Overdose Deaths,502
DE,2021,Number of Deaths,"11,531"
FL,2019,Heroin ,743
DE,2022,"Synthetic opioids, excl. methadone and rehabilitory compounds",447
DE,2022,Other natural & semi-synthetic opioids,50
DE,2022,Cocaine,209
FL,2020,Heroin ,763
DE,2022,Number of Deaths,"11,693"
DE,2022,Number of Drug Overdose Deaths,551
FL,2015,Number of Drug Overdose Deaths,"3,352"
FL,2015,Number of Deaths,"195,599"
FL,2016,Number of Drug Overdose Deaths,"4,996"
FL,2016,Number of Deaths,"199,256"
FL,2017,Number of Drug Overdose Deaths,"5,676"
FL,2017,Number of Deaths,"205,023"
FL,2018,Number of Drug Overdose Deaths,"5,451"
FL,2018,Number of Deaths,"209,545"
FL,2019,"Synthetic opioids, excl. methadone and rehabilitory compounds","3,039"
FL,2019,Number of Deaths,"209,740"
FL,2019,Number of Drug Overdose Deaths,"5,524"
FL,2019,Cocaine,"1,503"
FL,2019,Other natural & semi-synthetic opioids,"1,143"
FL,2021,Heroin ,644
FL,2020,"Synthetic opioids, excl. methadone and rehabilitory compounds","4,933"
FL,2020,Other natural & semi-synthetic opioids,"1,174"
FL,2020,Cocaine,"2,049"
FL,2020,Number of Deaths,"243,105"
FL,2020,Number of Drug Overdose Deaths,"7,512"
FL,2021,Other natural & semi-synthetic opioids,"1,148"
FL,2021,"Synthetic opioids, excl. methadone and rehabilitory compounds","5,602"
FL,2022,Heroin ,341
FL,2021,Cocaine,"2,310"
FL,2021,Number of Drug Overdose Deaths,"8,163"
FL,2021,Number of Deaths,"267,230"
GA,2015,Heroin ,244
FL,2022,"Synthetic opioids, excl. methadone and rehabilitory compounds","5,620"
FL,2022,Other natural & semi-synthetic opioids,"1,024"
FL,2022,Cocaine,"2,357"
FL,2022,Number of Deaths,"266,205"
GA,2016,Heroin ,220
FL,2022,Number of Drug Overdose Deaths,"8,262"
GA,2015,"Synthetic opioids, excl. methadone and rehabilitory compounds",348
GA,2015,Other natural & semi-synthetic opioids,451
GA,2015,Cocaine,174
GA,2015,Number of Deaths,"80,919"
GA,2015,Number of Drug Overdose Deaths,"1,337"
GA,2015,Other natural & semi-synthetic opioids,439
GA,2016,"Synthetic opioids, excl. methadone and rehabilitory compounds",286
GA,2016,Cocaine,213
GA,2016,Other natural & semi-synthetic opioids,455
GA,2017,Heroin ,262
GA,2016,Number of Deaths,"81,783"
GA,2016,Number of Drug Overdose Deaths,"1,370"
GA,2017,Cocaine,267
GA,2017,Other natural & semi-synthetic opioids,512
GA,2017,"Synthetic opioids, excl. methadone and rehabilitory compounds",407
GA,2018,Heroin ,312
GA,2017,Cocaine,264
GA,2017,Number of Deaths,"83,679"
GA,2017,Number of Drug Overdose Deaths,"1,520"
GA,2018,Other natural & semi-synthetic opioids,504
GA,2018,"Synthetic opioids, excl. methadone and rehabilitory compounds",381
GA,2019,Heroin ,330
GA,2018,Cocaine,279
GA,2018,Number of Deaths,"85,614"
GA,2018,Number of Drug Overdose Deaths,"1,479"
GA,2020,Heroin ,394
GA,2019,"Synthetic opioids, excl. methadone and rehabilitory compounds",383
GA,2019,Other natural & semi-synthetic opioids,385
GA,2019,Cocaine,296
GA,2019,Number of Drug Overdose Deaths,"1,384"
GA,2019,Number of Deaths,"86,290"
GA,2020,"Synthetic opioids, excl. methadone and rehabilitory compounds",856
GA,2021,Heroin ,402
GA,2020,Other natural & semi-synthetic opioids,439
GA,2020,Cocaine,338
GA,2020,Number of Deaths,"103,561"
GA,2020,Number of Drug Overdose Deaths,"1,868"
GA,2021,Other natural & semi-synthetic opioids,494
GA,2021,"Synthetic opioids, excl. methadone and rehabilitory compounds","1,379"
GA,2022,Heroin ,323
GA,2021,Cocaine,484
GA,2021,Number of Drug Overdose Deaths,"2,438"
GA,2021,Number of Deaths,"114,168"
HI,2016,Heroin ,24
GA,2022,"Synthetic opioids, excl. methadone and rehabilitory compounds","1,592"
GA,2022,Other natural & semi-synthetic opioids,509
GA,2022,Cocaine,586
GA,2022,Number of Drug Overdose Deaths,"2,588"
GA,2022,Number of Deaths,"111,569"
HI,2017,Heroin ,20
HI,2015,Number of Drug Overdose Deaths,171
HI,2015,Number of Deaths,"11,208"
HI,2016,"Synthetic opioids, excl. methadone and rehabilitory compounds",14
HI,2016,Other natural & semi-synthetic opioids,50
HI,2016,Number of Drug Overdose Deaths,203
HI,2018,Heroin ,17
HI,2016,Number of Deaths,"11,067"
HI,2017,Other natural & semi-synthetic opioids,45
HI,2017,"Synthetic opioids, excl. methadone and rehabilitory compounds",12
HI,2017,Number of Deaths,"11,508"
HI,2017,Number of Drug Overdose Deaths,203
HI,2019,Heroin ,19
HI,2018,Number of Deaths,"11,658"
HI,2018,Other natural & semi-synthetic opioids,33
HI,2018,Number of Drug Overdose Deaths,233
HI,2018,Cocaine,15
HI,2018,"Synthetic opioids, excl. methadone and rehabilitory compounds",15
HI,2020,Heroin ,26
HI,2019,"Synthetic opioids, excl. methadone and rehabilitory compounds",21
HI,2019,Other natural & semi-synthetic opioids,32
HI,2019,Cocaine,14
HI,2019,Number of Drug Overdose Deaths,243
HI,2019,Number of Deaths,"11,785"
HI,2020,"Synthetic opioids, excl. methadone and rehabilitory compounds",34
HI,2021,Heroin ,27
HI,2020,Other natural & semi-synthetic opioids,26
HI,2020,Cocaine,18
HI,2020,Number of Drug Overdose Deaths,277
HI,2020,Number of Deaths,"12,076"
HI,2021,Other natural & semi-synthetic opioids,33
HI,2021,"Synthetic opioids, excl. methadone and rehabilitory compounds",49
HI,2022,Heroin ,19
HI,2021,Cocaine,17
HI,2021,Number of Deaths,"12,880"
HI,2021,Number of Drug Overdose Deaths,287
IA,2015,Heroin ,43
HI,2022,Number of Drug Overdose Deaths,281
HI,2022,"Synthetic opioids, excl. methadone and rehabilitory compounds",78
HI,2022,Other natural & semi-synthetic opioids,31
HI,2022,Cocaine,29
HI,2022,Number of Deaths,"13,555"
IA,2015,"Synthetic opioids, excl. methadone and rehabilitory compounds",49
IA,2015,Other natural & semi-synthetic opioids,89
IA,2016,Heroin ,44
IA,2015,Cocaine,19
IA,2015,Number of Deaths,"29,692"
IA,2017,Heroin ,64
IA,2015,Number of Drug Overdose Deaths,311
IA,2016,"Synthetic opioids, excl. methadone and rehabilitory compounds",57
IA,2016,Cocaine,17
IA,2016,Other natural & semi-synthetic opioids,89
IA,2016,Number of Deaths,"29,318"
IA,2016,Number of Drug Overdose Deaths,319
IA,2017,Cocaine,19
IA,2017,Other natural & semi-synthetic opioids,93
IA,2017,"Synthetic opioids, excl. methadone and rehabilitory compounds",97
IA,2018,Heroin ,58
IA,2017,Number of Drug Overdose Deaths,341
IA,2017,Number of Deaths,"30,242"
IA,2018,Other natural & semi-synthetic opioids,92
IA,2018,"Synthetic opioids, excl. methadone and rehabilitory compounds",96
IA,2019,Heroin ,40
IA,2018,Cocaine,22
IA,2018,Number of Drug Overdose Deaths,336
IA,2018,Number of Deaths,"30,337"
IA,2020,Heroin ,57
IA,2019,"Synthetic opioids, excl. methadone and rehabilitory compounds",101
IA,2019,Other natural & semi-synthetic opioids,54
IA,2019,Cocaine,18
IA,2019,Number of Deaths,"30,669"
IA,2019,Number of Drug Overdose Deaths,350
IA,2020,"Synthetic opioids, excl. methadone and rehabilitory compounds",162
IA,2021,Heroin ,54
IA,2020,Other natural & semi-synthetic opioids,56
IA,2020,Cocaine,30
IA,2020,Number of Drug Overdose Deaths,429
IA,2020,Number of Deaths,"34,577"
IA,2021,Other natural & semi-synthetic opioids,67
IA,2021,"Synthetic opioids, excl. methadone and rehabilitory compounds",213
IA,2022,Heroin ,36
IA,2021,Cocaine,34
IA,2021,Number of Drug Overdose Deaths,471
IA,2021,Number of Deaths,"36,095"
ID,2020,Heroin ,34
IA,2022,"Synthetic opioids, excl. methadone and rehabilitory compounds",231
IA,2022,Other natural & semi-synthetic opioids,68
IA,2022,Cocaine,44
ID,2021,Heroin ,36
IA,2022,Number of Deaths,"35,460"
IA,2022,Number of Drug Overdose Deaths,498
ID,2015,Number of Deaths,"12,917"
ID,2015,Number of Drug Overdose Deaths,220
ID,2016,Number of Deaths,"13,297"
ID,2016,Number of Drug Overdose Deaths,235
ID,2017,Number of Deaths,"13,908"
ID,2017,Number of Drug Overdose Deaths,240
ID,2018,Number of Drug Overdose Deaths,247
ID,2018,Number of Deaths,"14,171"
ID,2019,Number of Deaths,"14,338"
ID,2019,Number of Drug Overdose Deaths,265
ID,2020,"Synthetic opioids, excl. methadone and rehabilitory compounds",39
ID,2020,Other natural & semi-synthetic opioids,79
ID,2022,Heroin ,18
ID,2020,Number of Deaths,"16,048"
ID,2020,Number of Drug Overdose Deaths,281
ID,2021,Other natural & semi-synthetic opioids,90
ID,2021,"Synthetic opioids, excl. methadone and rehabilitory compounds",150
IL,2015,Heroin ,876
ID,2021,Number of Drug Overdose Deaths,347
ID,2021,Number of Deaths,"18,405"
ID,2022,"Synthetic opioids, excl. methadone and rehabilitory compounds",184
ID,2022,Other natural & semi-synthetic opioids,90
ID,2022,Cocaine,14
ID,2022,Number of Deaths,"18,960"
ID,2022,Number of Drug Overdose Deaths,376
IL,2016,Heroin ,"1,069"
IL,2015,"Synthetic opioids, excl. methadone and rehabilitory compounds",277
IL,2015,Other natural & semi-synthetic opioids,263
IL,2015,Cocaine,340
IL,2015,Number of Drug Overdose Deaths,"1,864"
IL,2015,Number of Deaths,"105,465"
IL,2016,"Synthetic opioids, excl. methadone and rehabilitory compounds",927
IL,2016,Cocaine,511
IL,2016,Other natural & semi-synthetic opioids,378
IL,2017,Heroin ,"1,250"
IL,2016,Number of Deaths,"104,091"
IL,2016,Number of Drug Overdose Deaths,"2,427"
IL,2017,Cocaine,751
IL,2017,Other natural & semi-synthetic opioids,484
IL,2017,"Synthetic opioids, excl. methadone and rehabilitory compounds","1,260"
IL,2018,Heroin ,"1,180"
IL,2017,Number of Drug Overdose Deaths,"2,765"
IL,2017,Number of Deaths,"106,635"
IL,2018,Other natural & semi-synthetic opioids,482
IL,2018,"Synthetic opioids, excl. methadone and rehabilitory compounds","1,605"
IL,2019,Heroin ,"1,077"
IL,2018,Cocaine,805
IL,2018,Number of Drug Overdose Deaths,"2,885"
IL,2018,Number of Deaths,"107,784"
IL,2020,Heroin ,"1,198"
IL,2019,"Synthetic opioids, excl. methadone and rehabilitory compounds","1,714"
IL,2019,Other natural & semi-synthetic opioids,413
IL,2019,Cocaine,877
IL,2019,Number of Deaths,"105,820"
IL,2019,Number of Drug Overdose Deaths,"2,775"
IL,2020,"Synthetic opioids, excl. methadone and rehabilitory compounds","2,478"
IL,2021,Heroin ,"1,043"
IL,2020,Other natural & semi-synthetic opioids,529
IL,2020,Cocaine,"1,131"
IL,2020,Number of Deaths,"128,733"
IL,2020,Number of Drug Overdose Deaths,"3,577"
IL,2021,Other natural & semi-synthetic opioids,512
IL,2021,"Synthetic opioids, excl. methadone and rehabilitory compounds","2,758"
IL,2022,Heroin ,808
IL,2021,Cocaine,"1,322"
IL,2021,Number of Drug Overdose Deaths,"3,786"
IL,2021,Number of Deaths,"131,458"
IN,2019,Heroin ,311
IL,2022,"Synthetic opioids, excl. methadone and rehabilitory compounds","2,927"
IL,2022,Other natural & semi-synthetic opioids,534
IL,2022,Cocaine,"1,490"
IL,2022,Number of Drug Overdose Deaths,"3,963"
IL,2022,Number of Deaths,"123,899"
IN,2020,Heroin ,302
IN,2015,Number of Drug Overdose Deaths,"1,232"
IN,2015,Number of Deaths,"63,837"
IN,2016,Number of Deaths,"64,051"
IN,2016,Number of Drug Overdose Deaths,"1,506"
IN,2017,Number of Drug Overdose Deaths,"1,861"
IN,2017,Number of Deaths,"66,004"
IN,2018,Number of Drug Overdose Deaths,"1,757"
IN,2018,Number of Deaths,"66,625"
IN,2019,"Synthetic opioids, excl. methadone and rehabilitory compounds",908
IN,2019,Other natural & semi-synthetic opioids,363
IN,2019,Cocaine,269
IN,2019,Number of Deaths,"66,516"
IN,2019,Number of Drug Overdose Deaths,"1,704"
IN,2020,"Synthetic opioids, excl. methadone and rehabilitory compounds","1,600"
IN,2021,Heroin ,185
IN,2020,Other natural & semi-synthetic opioids,409
IN,2020,Cocaine,305
IN,2020,Number of Drug Overdose Deaths,"2,267"
IN,2020,Number of Deaths,"72,759"
IN,2021,Other natural & semi-synthetic opioids,461
IN,2021,"Synthetic opioids, excl. methadone and rehabilitory compounds","1,985"
IN,2022,Heroin ,74
IN,2021,Cocaine,423
IN,2021,Number of Drug Overdose Deaths,"2,789"
IN,2021,Number of Deaths,"81,187"
KS,2019,Heroin ,38
IN,2022,"Synthetic opioids, excl. methadone and rehabilitory compounds","2,068"
IN,2022,Other natural & semi-synthetic opioids,437
IN,2022,Cocaine,462
IN,2022,Number of Drug Overdose Deaths,"2,868"
KS,2020,Heroin ,39
IN,2022,Number of Deaths,"80,935"
KS,2015,Number of Drug Overdose Deaths,337
KS,2015,Number of Deaths,"26,017"
KS,2016,Number of Deaths,"25,598"
KS,2016,Number of Drug Overdose Deaths,320
KS,2017,Number of Drug Overdose Deaths,327
KS,2017,Number of Deaths,"26,151"
KS,2018,Number of Drug Overdose Deaths,354
KS,2018,Number of Deaths,"26,557"
KS,2019,"Synthetic opioids, excl. methadone and rehabilitory compounds",68
KS,2019,Other natural & semi-synthetic opioids,70
KS,2019,Cocaine,32
KS,2019,Number of Deaths,"26,719"
KS,2019,Number of Drug Overdose Deaths,380
KS,2020,"Synthetic opioids, excl. methadone and rehabilitory compounds",159
KS,2021,Heroin ,40
KS,2020,Other natural & semi-synthetic opioids,79
KS,2020,Cocaine,37
KS,2020,Number of Deaths,"31,125"
KS,2020,Number of Drug Overdose Deaths,473
KS,2021,Other natural & semi-synthetic opioids,110
KS,2021,"Synthetic opioids, excl. methadone and rehabilitory compounds",349
KS,2022,Heroin ,37
KS,2021,Cocaine,77
KS,2021,Number of Drug Overdose Deaths,683
KY,2018,Heroin ,228
KS,2021,Number of Deaths,"32,441"
KS,2022,"Synthetic opioids, excl. methadone and rehabilitory compounds",384
KS,2022,Other natural & semi-synthetic opioids,133
KS,2022,Cocaine,102
KS,2022,Number of Drug Overdose Deaths,725
KS,2022,Number of Deaths,"32,138"
KY,2019,Heroin ,156
KY,2015,Number of Drug Overdose Deaths,"1,248"
KY,2015,Number of Deaths,"46,396"
KY,2016,Number of Deaths,"46,769"
KY,2016,Number of Drug Overdose Deaths,"1,437"
KY,2017,Number of Deaths,"48,254"
KY,2017,Number of Drug Overdose Deaths,"1,594"
KY,2018,Other natural & semi-synthetic opioids,384
KY,2018,"Synthetic opioids, excl. methadone and rehabilitory compounds",786
KY,2018,Cocaine,169
KY,2018,Number of Drug Overdose Deaths,"1,529"
KY,2018,Number of Deaths,"48,679"
KY,2020,Heroin ,151
KY,2019,"Synthetic opioids, excl. methadone and rehabilitory compounds",815
KY,2019,Other natural & semi-synthetic opioids,322
KY,2019,Cocaine,123
KY,2019,Number of Deaths,"48,821"
KY,2019,Number of Drug Overdose Deaths,"1,369"
KY,2020,"Synthetic opioids, excl. methadone and rehabilitory compounds","1,522"
KY,2021,Heroin ,111
KY,2020,Other natural & semi-synthetic opioids,440
KY,2020,Cocaine,177
KY,2020,Number of Deaths,"55,709"
KY,2020,Number of Drug Overdose Deaths,"2,104"
KY,2021,Other natural & semi-synthetic opioids,461
KY,2021,"Synthetic opioids, excl. methadone and rehabilitory compounds","1,739"
KY,2022,Heroin ,55
KY,2021,Cocaine,238
KY,2021,Number of Drug Overdose Deaths,"2,418"
KY,2021,Number of Deaths,"61,329"
MA,2015,Heroin ,624
KY,2022,"Synthetic opioids, excl. methadone and rehabilitory compounds","1,719"
KY,2022,Other natural & semi-synthetic opioids,401
MA,2016,Heroin ,687
KY,2022,Cocaine,246
KY,2022,Number of Drug Overdose Deaths,"2,386"
KY,2022,Number of Deaths,"61,557"
LA,2015,Number of Drug Overdose Deaths,875
LA,2015,Number of Deaths,"44,371"
LA,2016,Number of Drug Overdose Deaths,"1,021"
LA,2016,Number of Deaths,"44,306"
LA,2017,Number of Deaths,"45,953"
LA,2017,Number of Drug Overdose Deaths,"1,059"
LA,2018,Number of Deaths,"46,894"
LA,2018,Number of Drug Overdose Deaths,"1,212"
LA,2019,Number of Deaths,"46,105"
LA,2019,Number of Drug Overdose Deaths,"1,304"
LA,2020,Number of Deaths,"56,828"
LA,2020,Number of Drug Overdose Deaths,"1,929"
LA,2021,Number of Drug Overdose Deaths,"2,512"
LA,2021,Number of Deaths,"59,154"
LA,2022,Number of Drug Overdose Deaths,"2,561"
LA,2022,Number of Deaths,"57,278"
MA,2015,Other natural & semi-synthetic opioids,217
MA,2015,Cocaine,400
MA,2015,"Synthetic opioids, excl. methadone and rehabilitory compounds",957
MA,2015,Number of Drug Overdose Deaths,"1,702"
MA,2015,Number of Deaths,"59,151"
MA,2016,"Synthetic opioids, excl. methadone and rehabilitory compounds","1,552"
MA,2016,Cocaine,567
MA,2016,Other natural & semi-synthetic opioids,262
MA,2017,Heroin ,607
MA,2016,Number of Deaths,"57,861"
MA,2016,Number of Drug Overdose Deaths,"2,198"
MA,2017,Cocaine,701
MA,2017,Other natural & semi-synthetic opioids,261
MA,2017,"Synthetic opioids, excl. methadone and rehabilitory compounds","1,645"
MA,2018,Heroin ,488
MA,2017,Number of Drug Overdose Deaths,"2,224"
MA,2017,Number of Deaths,"59,624"
MA,2018,Other natural & semi-synthetic opioids,292
MA,2018,"Synthetic opioids, excl. methadone and rehabilitory compounds","1,861"
MA,2019,Heroin ,495
MA,2018,Cocaine,785
MA,2018,Number of Deaths,"60,038"
MA,2018,Number of Drug Overdose Deaths,"2,272"
MA,2020,Heroin ,363
MA,2019,Number of Drug Overdose Deaths,"2,217"
MA,2019,"Synthetic opioids, excl. methadone and rehabilitory compounds","1,876"
MA,2019,Other natural & semi-synthetic opioids,249
MA,2019,Cocaine,786
MA,2019,Number of Deaths,"59,752"
MA,2020,"Synthetic opioids, excl. methadone and rehabilitory compounds","1,984"
MA,2021,Heroin ,214
MA,2020,Other natural & semi-synthetic opioids,286
MA,2020,Cocaine,920
MA,2020,Number of Deaths,"67,895"
MA,2020,Number of Drug Overdose Deaths,"2,314"
MA,2021,Other natural & semi-synthetic opioids,255
MA,2021,"Synthetic opioids, excl. methadone and rehabilitory compounds","2,150"
MA,2022,Heroin ,143
MA,2021,Cocaine,"1,158"
MA,2021,Number of Drug Overdose Deaths,"2,555"
MA,2021,Number of Deaths,"70,645"
MD,2015,Heroin ,422
MA,2022,"Synthetic opioids, excl. methadone and rehabilitory compounds","2,212"
MA,2022,Other natural & semi-synthetic opioids,229
MA,2022,Cocaine,"1,222"
MA,2022,Number of Drug Overdose Deaths,"2,632"
MA,2022,Number of Deaths,"64,909"
MD,2015,"Synthetic opioids, excl. methadone and rehabilitory compounds",373
MD,2015,Other natural & semi-synthetic opioids,418
MD,2016,Heroin ,656
MD,2015,Cocaine,150
MD,2015,Number of Drug Overdose Deaths,"1,320"
MD,2015,Number of Deaths,"47,630"
MD,2016,"Synthetic opioids, excl. methadone and rehabilitory compounds","1,122"
MD,2016,Cocaine,316
MD,2016,Other natural & semi-synthetic opioids,694
MD,2017,Heroin ,692
MD,2016,Number of Deaths,"48,668"
MD,2016,Number of Drug Overdose Deaths,"2,074"
MD,2017,Cocaine,524
MD,2017,Other natural & semi-synthetic opioids,714
MD,2017,"Synthetic opioids, excl. methadone and rehabilitory compounds","1,598"
MD,2018,Heroin ,481
MD,2017,Number of Deaths,"49,670"
MD,2017,Number of Drug Overdose Deaths,"2,285"
MD,2018,Other natural & semi-synthetic opioids,541
MD,2018,"Synthetic opioids, excl. methadone and rehabilitory compounds","1,891"
MD,2019,Heroin ,354
MD,2018,Cocaine,736
MD,2018,Number of Deaths,"50,272"
MD,2018,Number of Drug Overdose Deaths,"2,438"
MD,2020,Heroin ,195
MD,2019,"Synthetic opioids, excl. methadone and rehabilitory compounds","1,934"
MD,2019,Other natural & semi-synthetic opioids,448
MD,2019,Cocaine,716
MD,2019,Number of Drug Overdose Deaths,"2,392"
MD,2019,Number of Deaths,"50,628"
MD,2020,"Synthetic opioids, excl. methadone and rehabilitory compounds","2,335"
MD,2021,Heroin ,110
MD,2020,Other natural & semi-synthetic opioids,432
MD,2020,Cocaine,766
MD,2020,Number of Deaths,"59,644"
MD,2020,Number of Drug Overdose Deaths,"2,761"
MD,2021,Other natural & semi-synthetic opioids,377
MD,2021,"Synthetic opioids, excl. methadone and rehabilitory compounds","2,456"
MD,2022,Heroin ,45
MD,2021,Cocaine,888
MD,2021,Number of Drug Overdose Deaths,"2,890"
MD,2021,Number of Deaths,"62,150"
ME,2015,Heroin ,55
MD,2022,"Synthetic opioids, excl. methadone and rehabilitory compounds","2,273"
MD,2022,Other natural & semi-synthetic opioids,273
MD,2022,Cocaine,940
MD,2022,Number of Drug Overdose Deaths,"2,702"
MD,2022,Number of Deaths,"58,063"
ME,2015,"Synthetic opioids, excl. methadone and rehabilitory compounds",113
ME,2015,Other natural & semi-synthetic opioids,105
ME,2016,Heroin ,59
ME,2015,Cocaine,33
ME,2015,Number of Drug Overdose Deaths,271
ME,2015,Number of Deaths,"14,368"
ME,2016,"Synthetic opioids, excl. methadone and rehabilitory compounds",204
ME,2016,Cocaine,59
ME,2016,Other natural & semi-synthetic opioids,132
ME,2017,Heroin ,76
ME,2016,Number of Drug Overdose Deaths,357
ME,2016,Number of Deaths,"14,129"
ME,2017,Cocaine,89
ME,2017,Other natural & semi-synthetic opioids,129
ME,2017,"Synthetic opioids, excl. methadone and rehabilitory compounds",262
ME,2018,Heroin ,78
ME,2017,Number of Drug Overdose Deaths,409
ME,2017,Number of Deaths,"14,513"
ME,2018,Other natural & semi-synthetic opioids,75
ME,2018,"Synthetic opioids, excl. methadone and rehabilitory compounds",272
ME,2019,Heroin ,68
ME,2018,Cocaine,105
ME,2018,Number of Deaths,"14,640"
ME,2018,Number of Drug Overdose Deaths,411
ME,2020,Heroin ,66
ME,2019,"Synthetic opioids, excl. methadone and rehabilitory compounds",278
ME,2019,Other natural & semi-synthetic opioids,53
ME,2019,Cocaine,110
ME,2019,Number of Drug Overdose Deaths,362
ME,2019,Number of Deaths,"14,903"
ME,2020,"Synthetic opioids, excl. methadone and rehabilitory compounds",359
ME,2021,Heroin ,47
ME,2020,Other natural & semi-synthetic opioids,70
ME,2020,Cocaine,135
ME,2020,Number of Deaths,"15,620"
ME,2020,Number of Drug Overdose Deaths,490
ME,2021,Other natural & semi-synthetic opioids,82
ME,2021,"Synthetic opioids, excl. methadone and rehabilitory compounds",501
ME,2022,Heroin ,18
ME,2021,Cocaine,153
ME,2021,Number of Drug Overdose Deaths,620
ME,2021,Number of Deaths,"17,129"
MI,2018,Heroin ,659
ME,2022,"Synthetic opioids, excl. methadone and rehabilitory compounds",556
ME,2022,Other natural & semi-synthetic opioids,74
ME,2022,Cocaine,202
ME,2022,Number of Drug Overdose Deaths,683
MI,2019,Heroin ,628
ME,2022,Number of Deaths,"17,755"
MI,2020,Heroin ,498
MI,2015,Number of Drug Overdose Deaths,"2,017"
MI,2015,Number of Deaths,"95,079"
MI,2016,Number of Deaths,"94,840"
MI,2016,Number of Drug Overdose Deaths,"2,342"
MI,2017,Number of Deaths,"96,265"
MI,2017,Number of Drug Overdose Deaths,"2,725"
MI,2018,Other natural & semi-synthetic opioids,444
MI,2018,Cocaine,783
MI,2018,"Synthetic opioids, excl. methadone and rehabilitory compounds","1,549"
MI,2018,Number of Drug Overdose Deaths,"2,734"
MI,2018,Number of Deaths,"97,947"
MI,2019,"Synthetic opioids, excl. methadone and rehabilitory compounds","1,481"
MI,2019,Other natural & semi-synthetic opioids,426
MI,2019,Cocaine,737
MI,2019,Number of Deaths,"97,756"
MI,2021,Heroin ,443
MI,2019,Number of Drug Overdose Deaths,"2,460"
MI,2020,Other natural & semi-synthetic opioids,392
MI,2020,"Synthetic opioids, excl. methadone and rehabilitory compounds","1,929"
MI,2020,Number of Deaths,"115,487"
MI,2020,Number of Drug Overdose Deaths,"2,750"
MI,2020,Cocaine,711
MI,2021,Other natural & semi-synthetic opioids,425
MI,2021,"Synthetic opioids, excl. methadone and rehabilitory compounds","2,295"
MI,2022,Heroin ,210
MI,2021,Cocaine,937
MI,2021,Number of Drug Overdose Deaths,"3,092"
MI,2021,Number of Deaths,"117,172"
MI,2022,"Synthetic opioids, excl. methadone and rehabilitory compounds","2,321"
MI,2022,Other natural & semi-synthetic opioids,407
MI,2022,Cocaine,968
MI,2022,Number of Drug Overdose Deaths,"3,113"
MI,2022,Number of Deaths,"118,547"
MN,2022,Heroin ,98
MN,2015,Number of Drug Overdose Deaths,592
MN,2015,Number of Deaths,"43,207"
MN,2016,Number of Deaths,"43,134"
MN,2016,Number of Drug Overdose Deaths,654
MN,2017,Number of Deaths,"44,295"
MN,2017,Number of Drug Overdose Deaths,729
MN,2018,Number of Drug Overdose Deaths,719
MN,2018,Number of Deaths,"44,905"
MN,2019,Number of Deaths,"45,391"
MN,2019,Number of Drug Overdose Deaths,769
MN,2020,Number of Drug Overdose Deaths,"1,065"
MN,2020,Number of Deaths,"50,683"
MN,2021,Other natural & semi-synthetic opioids,184
MN,2021,"Synthetic opioids, excl. methadone and rehabilitory compounds",868
MN,2021,Cocaine,158
MN,2021,Number of Drug Overdose Deaths,"1,344"
MN,2021,Number of Deaths,"52,499"
MO,2017,Heroin ,312
MN,2022,"Synthetic opioids, excl. methadone and rehabilitory compounds",943
MN,2022,Other natural & semi-synthetic opioids,163
MO,2018,Heroin ,390
MN,2022,Cocaine,201
MN,2022,Number of Deaths,"53,195"
MN,2022,Number of Drug Overdose Deaths,"1,378"
MO,2019,Heroin ,350
MO,2015,Number of Drug Overdose Deaths,"1,116"
MO,2015,Number of Deaths,"62,571"
MO,2016,Number of Deaths,"61,888"
MO,2016,Number of Drug Overdose Deaths,"1,386"
MO,2017,Number of Deaths,"64,202"
MO,2017,Other natural & semi-synthetic opioids,226
MO,2017,"Synthetic opioids, excl. methadone and rehabilitory compounds",640
MO,2017,Cocaine,141
MO,2017,Number of Drug Overdose Deaths,"1,428"
MO,2018,Other natural & semi-synthetic opioids,241
MO,2018,Number of Drug Overdose Deaths,"1,635"
MO,2018,Cocaine,132
MO,2018,"Synthetic opioids, excl. methadone and rehabilitory compounds",881
MO,2018,Number of Deaths,"65,811"
MO,2020,Heroin ,213
MO,2019,"Synthetic opioids, excl. methadone and rehabilitory compounds",906
MO,2019,Other natural & semi-synthetic opioids,242
MO,2019,Cocaine,149
MO,2019,Number of Drug Overdose Deaths,"1,673"
MO,2019,Number of Deaths,"64,720"
MO,2020,"Synthetic opioids, excl. methadone and rehabilitory compounds","1,236"
MO,2021,Heroin ,155
MO,2020,Other natural & semi-synthetic opioids,235
MO,2020,Cocaine,208
MO,2020,Number of Deaths,"76,268"
MO,2020,Number of Drug Overdose Deaths,"1,927"
MO,2021,Other natural & semi-synthetic opioids,208
MO,2021,"Synthetic opioids, excl. methadone and rehabilitory compounds","1,477"
MO,2022,Heroin ,83
MO,2021,Cocaine,264
MO,2021,Number of Drug Overdose Deaths,"2,195"
MS,2019,Heroin ,67
MO,2021,Number of Deaths,"80,003"
MO,2022,"Synthetic opioids, excl. methadone and rehabilitory compounds","1,495"
MO,2022,Other natural & semi-synthetic opioids,191
MO,2022,Cocaine,315
MO,2022,Number of Drug Overdose Deaths,"2,209"
MO,2022,Number of Deaths,"78,109"
MS,2020,Heroin ,75
MS,2015,Number of Drug Overdose Deaths,348
MS,2015,Number of Deaths,"31,167"
MS,2016,Number of Deaths,"31,049"
MS,2016,Number of Drug Overdose Deaths,338
MS,2017,Number of Drug Overdose Deaths,334
MS,2017,Number of Deaths,"31,460"
MS,2018,Number of Deaths,"32,086"
MS,2018,Number of Drug Overdose Deaths,327
MS,2019,"Synthetic opioids, excl. methadone and rehabilitory compounds",130
MS,2019,Other natural & semi-synthetic opioids,98
MS,2019,Cocaine,42
MS,2019,Number of Deaths,"32,038"
MS,2019,Number of Drug Overdose Deaths,365
MS,2020,"Synthetic opioids, excl. methadone and rehabilitory compounds",280
MS,2021,Heroin ,70
MS,2020,Other natural & semi-synthetic opioids,117
MS,2020,Cocaine,64
MS,2020,Number of Deaths,"39,309"
MS,2020,Number of Drug Overdose Deaths,532
MS,2021,Other natural & semi-synthetic opioids,136
MS,2021,"Synthetic opioids, excl. methadone and rehabilitory compounds",453
MS,2022,Heroin ,40
MS,2021,Cocaine,90
MS,2021,Number of Drug Overdose Deaths,746
MS,2021,Number of Deaths,"41,761"
MT,2020,Heroin ,30
MS,2022,"Synthetic opioids, excl. methadone and rehabilitory compounds",462
MS,2022,Other natural & semi-synthetic opioids,127
MS,2022,Cocaine,93
MS,2022,Number of Drug Overdose Deaths,717
MS,2022,Number of Deaths,"40,177"
MT,2021,Heroin ,32
MT,2015,Number of Drug Overdose Deaths,135
MT,2015,Number of Deaths,"9,817"
MT,2016,Number of Deaths,"9,973"
MT,2016,Number of Drug Overdose Deaths,130
MT,2017,Number of Drug Overdose Deaths,131
MT,2017,Number of Deaths,"10,335"
MT,2018,Number of Drug Overdose Deaths,117
MT,2018,Number of Deaths,"10,176"
MT,2019,Number of Deaths,"10,439"
MT,2019,Number of Drug Overdose Deaths,139
MT,2020,"Synthetic opioids, excl. methadone and rehabilitory compounds",30
MT,2020,Other natural & semi-synthetic opioids,35
MT,2020,Number of Deaths,"12,008"
MT,2020,Number of Drug Overdose Deaths,157
MT,2021,Other natural & semi-synthetic opioids,34
MT,2021,"Synthetic opioids, excl. methadone and rehabilitory compounds",64
MT,2022,Heroin ,19
NC,2015,Heroin ,381
MT,2021,Number of Deaths,"13,030"
MT,2021,Number of Drug Overdose Deaths,191
MT,2022,"Synthetic opioids, excl. methadone and rehabilitory compounds",91
MT,2022,Other natural & semi-synthetic opioids,41
MT,2022,Cocaine,10
MT,2022,Number of Drug Overdose Deaths,204
MT,2022,Number of Deaths,"13,214"
NC,2015,"Synthetic opioids, excl. methadone and rehabilitory compounds",301
NC,2015,Other natural & semi-synthetic opioids,555
NC,2016,Heroin ,547
NC,2015,Cocaine,313
NC,2015,Number of Drug Overdose Deaths,"1,503"
NC,2015,Number of Deaths,"90,229"
NC,2016,"Synthetic opioids, excl. methadone and rehabilitory compounds",591
NC,2016,Cocaine,496
NC,2016,Other natural & semi-synthetic opioids,614
NC,2017,Heroin ,563
NC,2016,Number of Deaths,"91,350"
NC,2016,Number of Drug Overdose Deaths,"1,931"
NC,2017,Cocaine,711
NC,2017,Other natural & semi-synthetic opioids,610
NC,2017,"Synthetic opioids, excl. methadone and rehabilitory compounds","1,270"
NC,2018,Heroin ,619
NC,2017,Number of Drug Overdose Deaths,"2,369"
NC,2017,Number of Deaths,"93,790"
NC,2018,Other natural & semi-synthetic opioids,529
NC,2018,"Synthetic opioids, excl. methadone and rehabilitory compounds","1,335"
NC,2019,Heroin ,668
NC,2018,Cocaine,725
NC,2018,Number of Deaths,"95,200"
NC,2018,Number of Drug Overdose Deaths,"2,358"
NC,2020,Heroin ,615
NC,2019,"Synthetic opioids, excl. methadone and rehabilitory compounds","1,344"
NC,2019,Other natural & semi-synthetic opioids,422
NC,2019,Cocaine,769
NC,2019,Number of Deaths,"96,682"
NC,2019,Number of Drug Overdose Deaths,"2,315"
NC,2020,"Synthetic opioids, excl. methadone and rehabilitory compounds","2,252"
NC,2021,Heroin ,504
NC,2020,Other natural & semi-synthetic opioids,373
NC,2020,Cocaine,985
NC,2020,Number of Deaths,"110,096"
NC,2020,Number of Drug Overdose Deaths,"3,121"
NC,2021,Other natural & semi-synthetic opioids,463
NC,2021,"Synthetic opioids, excl. methadone and rehabilitory compounds","3,008"
NC,2022,Heroin ,214
NC,2021,Cocaine,"1,375"
NC,2021,Number of Drug Overdose Deaths,"3,900"
NH,2015,Heroin ,106
NC,2021,Number of Deaths,"120,178"
NC,2022,"Synthetic opioids, excl. methadone and rehabilitory compounds","3,116"
NC,2022,Other natural & semi-synthetic opioids,462
NC,2022,Cocaine,"1,478"
NC,2022,Number of Deaths,"117,971"
NC,2022,Number of Drug Overdose Deaths,"3,981"
ND,2015,Number of Drug Overdose Deaths,71
ND,2015,Number of Deaths,"7,028"
ND,2016,Number of Deaths,"6,806"
ND,2016,Number of Drug Overdose Deaths,80
ND,2017,Number of Deaths,"7,088"
ND,2017,Number of Drug Overdose Deaths,84
ND,2018,Number of Drug Overdose Deaths,81
ND,2018,Number of Deaths,"7,153"
ND,2019,Number of Deaths,"7,390"
ND,2019,Number of Drug Overdose Deaths,90
ND,2020,Number of Deaths,"8,839"
ND,2020,Number of Drug Overdose Deaths,123
ND,2021,Number of Deaths,"8,850"
ND,2021,Number of Drug Overdose Deaths,138
ND,2022,Number of Drug Overdose Deaths,140
ND,2022,Number of Deaths,"8,327"
NE,2015,Number of Deaths,"17,086"
NE,2015,Number of Drug Overdose Deaths,135
NE,2016,Number of Drug Overdose Deaths,127
NE,2016,Number of Deaths,"16,726"
NE,2017,Number of Drug Overdose Deaths,157
NE,2017,Number of Deaths,"17,129"
NE,2018,Number of Drug Overdose Deaths,166
NE,2018,Number of Deaths,"17,256"
NE,2019,Number of Deaths,"17,197"
NE,2019,Number of Drug Overdose Deaths,151
NE,2020,Number of Deaths,"19,702"
NE,2020,Number of Drug Overdose Deaths,210
NE,2021,Number of Drug Overdose Deaths,228
NE,2021,Number of Deaths,"19,949"
NE,2022,Number of Drug Overdose Deaths,227
NE,2022,Number of Deaths,"19,736"
NH,2015,"Synthetic opioids, excl. methadone and rehabilitory compounds",313
NH,2015,Other natural & semi-synthetic opioids,85
NH,2016,Heroin ,78
NH,2015,Cocaine,51
NH,2015,Number of Drug Overdose Deaths,449
NH,2015,Number of Deaths,"11,802"
NH,2016,"Synthetic opioids, excl. methadone and rehabilitory compounds",347
NH,2016,Cocaine,53
NH,2016,Other natural & semi-synthetic opioids,75
NH,2017,Heroin ,29
NH,2016,Number of Deaths,"11,909"
NH,2016,Number of Drug Overdose Deaths,458
NH,2017,Cocaine,53
NH,2017,Other natural & semi-synthetic opioids,62
NH,2017,"Synthetic opioids, excl. methadone and rehabilitory compounds",387
NH,2018,Heroin ,23
NH,2017,Number of Drug Overdose Deaths,478
NJ,2018,Heroin ,"1,287"
NH,2017,Number of Deaths,"12,313"
NH,2018,Other natural & semi-synthetic opioids,52
NH,2018,"Synthetic opioids, excl. methadone and rehabilitory compounds",404
NH,2018,Cocaine,61
NH,2018,Number of Deaths,"12,509"
NJ,2019,Heroin ,"1,264"
NH,2018,Number of Drug Overdose Deaths,490
NH,2019,"Synthetic opioids, excl. methadone and rehabilitory compounds",380
NH,2019,Other natural & semi-synthetic opioids,36
NH,2019,Cocaine,83
NH,2019,Number of Drug Overdose Deaths,449
NH,2019,Number of Deaths,"12,542"
NH,2020,"Synthetic opioids, excl. methadone and rehabilitory compounds",356
NH,2020,Other natural & semi-synthetic opioids,36
NH,2020,Cocaine,70
NH,2020,Number of Deaths,"13,513"
NH,2020,Number of Drug Overdose Deaths,429
NH,2021,Other natural & semi-synthetic opioids,37
NH,2021,"Synthetic opioids, excl. methadone and rehabilitory compounds",345
NH,2021,Cocaine,45
NH,2021,Number of Drug Overdose Deaths,433
NH,2021,Number of Deaths,"13,869"
NH,2022,Number of Drug Overdose Deaths,490
NH,2022,"Synthetic opioids, excl. methadone and rehabilitory compounds",407
NH,2022,Other natural & semi-synthetic opioids,36
NH,2022,Cocaine,57
NH,2022,Number of Deaths,"14,570"
NJ,2015,Number of Deaths,"71,756"
NJ,2015,Number of Drug Overdose Deaths,"1,414"
NJ,2016,Number of Deaths,"72,082"
NJ,2016,Number of Drug Overdose Deaths,"1,971"
NJ,2017,Number of Drug Overdose Deaths,"2,621"
NJ,2017,Number of Deaths,"74,165"
NJ,2018,"Synthetic opioids, excl. methadone and rehabilitory compounds","2,213"
NJ,2018,Cocaine,867
NJ,2018,Other natural & semi-synthetic opioids,422
NJ,2018,Number of Drug Overdose Deaths,"2,875"
NJ,2018,Number of Deaths,"75,088"
NJ,2020,Heroin ,"1,027"
NJ,2019,"Synthetic opioids, excl. methadone and rehabilitory compounds","2,229"
NJ,2019,Other natural & semi-synthetic opioids,399
NJ,2019,Cocaine,881
NJ,2019,Number of Drug Overdose Deaths,"2,859"
NJ,2019,Number of Deaths,"74,277"
NJ,2020,"Synthetic opioids, excl. methadone and rehabilitory compounds","2,463"
NJ,2021,Heroin ,655
NJ,2020,Other natural & semi-synthetic opioids,386
NJ,2020,Cocaine,948
NJ,2020,Number of Deaths,"95,555"
NJ,2020,Number of Drug Overdose Deaths,"2,996"
NJ,2021,Other natural & semi-synthetic opioids,356
NJ,2021,"Synthetic opioids, excl. methadone and rehabilitory compounds","2,475"
NJ,2022,Heroin ,422
NJ,2021,Cocaine,"1,066"
NJ,2021,Number of Deaths,"98,963"
NJ,2021,Number of Drug Overdose Deaths,"3,028"
NM,2015,Heroin ,164
NJ,2022,"Synthetic opioids, excl. methadone and rehabilitory compounds","2,508"
NJ,2022,Other natural & semi-synthetic opioids,318
NJ,2022,Cocaine,"1,111"
NJ,2022,Number of Deaths,"84,818"
NJ,2022,Number of Drug Overdose Deaths,"3,046"
NM,2015,"Synthetic opioids, excl. methadone and rehabilitory compounds",67
NM,2015,Number of Deaths,"17,123"
NM,2015,Other natural & semi-synthetic opioids,223
NM,2016,Heroin ,164
NM,2015,Cocaine,74
NM,2015,Number of Drug Overdose Deaths,548
NM,2016,"Synthetic opioids, excl. methadone and rehabilitory compounds",78
NM,2016,Cocaine,57
NM,2016,Other natural & semi-synthetic opioids,170
NM,2017,Heroin ,170
NM,2016,Number of Deaths,"17,768"
NM,2016,Number of Drug Overdose Deaths,497
NM,2017,Cocaine,61
NM,2017,Other natural & semi-synthetic opioids,165
NM,2017,"Synthetic opioids, excl. methadone and rehabilitory compounds",82
NM,2018,Heroin ,140
NM,2017,Number of Deaths,"18,060"
NM,2017,Number of Drug Overdose Deaths,515
NM,2018,Other natural & semi-synthetic opioids,146
NM,2018,"Synthetic opioids, excl. methadone and rehabilitory compounds",103
NM,2019,Heroin ,184
NM,2018,Cocaine,55
NM,2018,Number of Drug Overdose Deaths,525
NM,2018,Number of Deaths,"18,497"
NM,2020,Heroin ,202
NM,2019,"Synthetic opioids, excl. methadone and rehabilitory compounds",162
NM,2019,Other natural & semi-synthetic opioids,147
NM,2019,Cocaine,81
NM,2019,Number of Drug Overdose Deaths,613
NM,2019,Number of Deaths,"18,813"
NM,2020,"Synthetic opioids, excl. methadone and rehabilitory compounds",315
NM,2021,Heroin ,203
NM,2020,Other natural & semi-synthetic opioids,160
NM,2020,Cocaine,123
NM,2020,Number of Deaths,"23,095"
NM,2020,Number of Drug Overdose Deaths,792
NM,2021,Other natural & semi-synthetic opioids,163
NM,2021,"Synthetic opioids, excl. methadone and rehabilitory compounds",595
NM,2022,Heroin ,156
NM,2021,Cocaine,133
NM,2021,Number of Drug Overdose Deaths,"1,040"
NM,2021,Number of Deaths,"24,886"
NV,2015,Heroin ,94
NM,2022,"Synthetic opioids, excl. methadone and rehabilitory compounds",660
NM,2022,Other natural & semi-synthetic opioids,149
NM,2022,Cocaine,196
NM,2022,Number of Deaths,"25,071"
NM,2022,Number of Drug Overdose Deaths,"1,085"
NV,2015,"Synthetic opioids, excl. methadone and rehabilitory compounds",37
NV,2015,Other natural & semi-synthetic opioids,271
NV,2016,Heroin ,97
NV,2015,Cocaine,45
NV,2015,Number of Drug Overdose Deaths,665
NV,2015,Number of Deaths,"23,506"
NV,2016,"Synthetic opioids, excl. methadone and rehabilitory compounds",52
NV,2016,Cocaine,46
NV,2016,Other natural & semi-synthetic opioids,279
NV,2017,Heroin ,104
NV,2016,Number of Deaths,"24,669"
NV,2016,Number of Drug Overdose Deaths,739
NV,2017,Cocaine,59
NV,2017,Other natural & semi-synthetic opioids,253
NV,2017,"Synthetic opioids, excl. methadone and rehabilitory compounds",74
NV,2018,Heroin ,118
NV,2017,Number of Deaths,"25,689"
NV,2017,Number of Drug Overdose Deaths,749
NV,2018,Other natural & semi-synthetic opioids,265
NV,2018,"Synthetic opioids, excl. methadone and rehabilitory compounds",86
NV,2019,Heroin ,139
NV,2018,Cocaine,60
NV,2018,Number of Deaths,"25,875"
NV,2018,Number of Drug Overdose Deaths,761
NV,2020,Heroin ,145
NV,2019,"Synthetic opioids, excl. methadone and rehabilitory compounds",123
NV,2019,Other natural & semi-synthetic opioids,228
NV,2019,Cocaine,59
NV,2019,Number of Drug Overdose Deaths,761
NV,2019,Number of Deaths,"26,296"
NV,2020,"Synthetic opioids, excl. methadone and rehabilitory compounds",300
NV,2021,Heroin ,150
NV,2020,Other natural & semi-synthetic opioids,235
NV,2020,Cocaine,105
NV,2020,Number of Deaths,"31,391"
NV,2020,Number of Drug Overdose Deaths,915
NV,2021,Other natural & semi-synthetic opioids,258
NV,2021,"Synthetic opioids, excl. methadone and rehabilitory compounds",366
NV,2022,Heroin ,127
NV,2021,Cocaine,118
NV,2021,Number of Drug Overdose Deaths,"1,055"
NV,2021,Number of Deaths,"34,718"
NY,2015,Heroin ,663
NV,2022,"Synthetic opioids, excl. methadone and rehabilitory compounds",473
NV,2022,Other natural & semi-synthetic opioids,226
NV,2022,Cocaine,116
NV,2022,Number of Deaths,"34,482"
NV,2022,Number of Drug Overdose Deaths,"1,107"
NY,2015,"Synthetic opioids, excl. methadone and rehabilitory compounds",532
NY,2015,Other natural & semi-synthetic opioids,479
NY,2016,Heroin ,770
NY,2015,Cocaine,354
NY,2015,Number of Drug Overdose Deaths,"1,802"
NY,2015,Number of Deaths,"99,526"
NY,2016,"Synthetic opioids, excl. methadone and rehabilitory compounds","1,095"
NY,2016,Cocaine,517
NY,2016,Other natural & semi-synthetic opioids,586
NY,2017,Heroin ,800
NY,2016,Number of Deaths,"98,766"
NY,2016,Number of Drug Overdose Deaths,"2,248"
NY,2017,Cocaine,690
NY,2017,Other natural & semi-synthetic opioids,590
NY,2017,"Synthetic opioids, excl. methadone and rehabilitory compounds","1,489"
NY,2018,Heroin ,749
NY,2017,Number of Deaths,"99,799"
NY,2017,Number of Drug Overdose Deaths,"2,511"
NY,2018,Other natural & semi-synthetic opioids,544
NY,2018,"Synthetic opioids, excl. methadone and rehabilitory compounds","1,448"
NY,2019,Heroin ,634
NY,2018,Cocaine,702
NY,2018,Number of Drug Overdose Deaths,"2,449"
NY,2018,Number of Deaths,"101,199"
NY,2020,Heroin ,552
NY,2019,"Synthetic opioids, excl. methadone and rehabilitory compounds","1,344"
NY,2019,Other natural & semi-synthetic opioids,496
NY,2019,Cocaine,692
NY,2019,Number of Deaths,"100,569"
NY,2019,Number of Drug Overdose Deaths,"2,169"
NY,2020,"Synthetic opioids, excl. methadone and rehabilitory compounds","2,142"
NY,2021,Heroin ,528
NY,2020,Other natural & semi-synthetic opioids,492
NY,2020,Cocaine,958
NY,2020,Number of Deaths,"119,373"
NY,2020,Number of Drug Overdose Deaths,"2,874"
NY,2021,Other natural & semi-synthetic opioids,506
NY,2021,"Synthetic opioids, excl. methadone and rehabilitory compounds","2,432"
NY,2022,Heroin ,262
NY,2021,Cocaine,"1,089"
NY,2021,Number of Drug Overdose Deaths,"3,170"
NY,2021,Number of Deaths,"124,969"
OH,2015,Heroin ,"1,472"
NY,2022,"Synthetic opioids, excl. methadone and rehabilitory compounds","2,453"
NY,2022,Other natural & semi-synthetic opioids,473
NY,2022,Cocaine,"1,277"
NY,2022,Number of Deaths,"115,280"
NY,2022,Number of Drug Overdose Deaths,"3,193"
OH,2016,Heroin ,"1,540"
OH,2015,"Synthetic opioids, excl. methadone and rehabilitory compounds","1,244"
OH,2015,Other natural & semi-synthetic opioids,714
OH,2015,Cocaine,705
OH,2015,Number of Drug Overdose Deaths,"3,298"
OH,2015,Number of Deaths,"119,346"
OH,2016,"Synthetic opioids, excl. methadone and rehabilitory compounds","2,305"
OH,2016,Cocaine,"1,137"
OH,2016,Other natural & semi-synthetic opioids,786
OH,2017,Heroin ,"1,440"
OH,2016,Number of Deaths,"119,618"
OH,2016,Number of Drug Overdose Deaths,"4,326"
OH,2017,Cocaine,"1,600"
OH,2017,Other natural & semi-synthetic opioids,"1,008"
OH,2017,"Synthetic opioids, excl. methadone and rehabilitory compounds","3,574"
OH,2018,Heroin ,967
OH,2017,Number of Deaths,"123,886"
OH,2017,Number of Drug Overdose Deaths,"5,293"
OH,2018,Other natural & semi-synthetic opioids,824
OH,2018,"Synthetic opioids, excl. methadone and rehabilitory compounds","3,382"
OH,2019,Heroin ,718
OH,2018,Cocaine,"1,520"
OH,2018,Number of Drug Overdose Deaths,"4,934"
OH,2018,Number of Deaths,"125,210"
OH,2020,Heroin ,492
OH,2019,"Synthetic opioids, excl. methadone and rehabilitory compounds","3,150"
OH,2019,Other natural & semi-synthetic opioids,487
OH,2019,Cocaine,"1,235"
OH,2019,Number of Deaths,"123,690"
OH,2019,Number of Drug Overdose Deaths,"4,260"
OH,2020,"Synthetic opioids, excl. methadone and rehabilitory compounds","4,126"
OH,2021,Heroin ,286
OH,2020,Other natural & semi-synthetic opioids,456
OH,2020,Cocaine,"1,320"
OH,2020,Number of Drug Overdose Deaths,"5,215"
OH,2020,Number of Deaths,"137,052"
OH,2021,Number of Drug Overdose Deaths,"5,582"
OH,2021,Other natural & semi-synthetic opioids,443
OH,2021,"Synthetic opioids, excl. methadone and rehabilitory compounds","4,420"
OH,2022,Heroin ,152
OH,2021,Cocaine,"1,537"
OH,2021,Number of Deaths,"149,839"
OK,2015,Heroin ,32
OH,2022,"Synthetic opioids, excl. methadone and rehabilitory compounds","4,188"
OH,2022,Other natural & semi-synthetic opioids,405
OH,2022,Cocaine,"1,625"
OH,2022,Number of Drug Overdose Deaths,"5,369"
OH,2022,Number of Deaths,"149,810"
OK,2015,"Synthetic opioids, excl. methadone and rehabilitory compounds",94
OK,2015,Other natural & semi-synthetic opioids,368
OK,2016,Heroin ,52
OK,2015,Cocaine,33
OK,2015,Number of Drug Overdose Deaths,794
OK,2015,Number of Deaths,"38,278"
OK,2016,"Synthetic opioids, excl. methadone and rehabilitory compounds",102
OK,2016,Cocaine,32
OK,2016,Other natural & semi-synthetic opioids,287
OK,2017,Heroin ,65
OK,2016,Number of Deaths,"38,170"
OK,2016,Number of Drug Overdose Deaths,776
OK,2017,Cocaine,44
OK,2017,Other natural & semi-synthetic opioids,289
OK,2017,"Synthetic opioids, excl. methadone and rehabilitory compounds",109
OK,2018,Heroin ,81
OK,2017,Number of Deaths,"39,318"
OK,2017,Number of Drug Overdose Deaths,848
OK,2018,Other natural & semi-synthetic opioids,220
OK,2018,"Synthetic opioids, excl. methadone and rehabilitory compounds",94
OK,2019,Heroin ,75
OK,2018,Cocaine,47
OK,2018,Number of Drug Overdose Deaths,757
OK,2018,Number of Deaths,"40,109"
OK,2020,Heroin ,86
OK,2019,"Synthetic opioids, excl. methadone and rehabilitory compounds",70
OK,2019,Other natural & semi-synthetic opioids,151
OK,2019,Cocaine,42
OK,2019,Number of Deaths,"39,767"
OK,2019,Number of Drug Overdose Deaths,675
OK,2020,"Synthetic opioids, excl. methadone and rehabilitory compounds",138
OK,2021,Heroin ,81
OK,2020,Other natural & semi-synthetic opioids,104
OK,2020,Cocaine,53
OK,2020,Number of Deaths,"46,426"
OK,2020,Number of Drug Overdose Deaths,746
OK,2021,Other natural & semi-synthetic opioids,108
OK,2021,"Synthetic opioids, excl. methadone and rehabilitory compounds",318
OK,2022,Heroin ,48
OK,2021,Cocaine,56
OK,2021,Number of Drug Overdose Deaths,934
OR,2015,Heroin ,128
OK,2021,Number of Deaths,"51,303"
OK,2022,"Synthetic opioids, excl. methadone and rehabilitory compounds",532
OK,2022,Other natural & semi-synthetic opioids,127
OK,2022,Cocaine,85
OK,2022,Number of Drug Overdose Deaths,"1,119"
OK,2022,Number of Deaths,"49,962"
OR,2015,"Synthetic opioids, excl. methadone and rehabilitory compounds",38
OR,2015,Other natural & semi-synthetic opioids,157
OR,2016,Heroin ,121
OR,2015,Cocaine,24
OR,2015,Number of Deaths,"35,629"
OR,2015,Number of Drug Overdose Deaths,523
OR,2016,"Synthetic opioids, excl. methadone and rehabilitory compounds",43
OR,2016,Cocaine,31
OR,2016,Other natural & semi-synthetic opioids,153
OR,2017,Heroin ,119
OR,2016,Number of Deaths,"35,918"
OR,2016,Number of Drug Overdose Deaths,525
OR,2017,Cocaine,39
OR,2017,Other natural & semi-synthetic opioids,137
OR,2017,"Synthetic opioids, excl. methadone and rehabilitory compounds",86
OR,2018,Heroin ,163
OR,2017,Number of Drug Overdose Deaths,547
OR,2017,Number of Deaths,"36,941"
OR,2018,Other natural & semi-synthetic opioids,140
OR,2018,"Synthetic opioids, excl. methadone and rehabilitory compounds",100
OR,2019,Heroin ,159
OR,2018,Cocaine,56
OR,2018,Number of Deaths,"36,418"
OR,2018,Number of Drug Overdose Deaths,574
OR,2020,Heroin ,202
OR,2019,"Synthetic opioids, excl. methadone and rehabilitory compounds",94
OR,2019,Other natural & semi-synthetic opioids,121
OR,2019,Cocaine,60
OR,2019,Number of Deaths,"37,428"
OR,2019,Number of Drug Overdose Deaths,610
OR,2020,"Synthetic opioids, excl. methadone and rehabilitory compounds",239
OR,2021,Heroin ,235
OR,2020,Other natural & semi-synthetic opioids,122
OR,2020,Cocaine,70
OR,2020,Number of Deaths,"40,238"
OR,2020,Number of Drug Overdose Deaths,797
OR,2021,Other natural & semi-synthetic opioids,174
OR,2021,"Synthetic opioids, excl. methadone and rehabilitory compounds",532
OR,2022,Heroin ,234
OR,2021,Cocaine,99
OR,2021,Number of Drug Overdose Deaths,"1,157"
OR,2021,Number of Deaths,"45,041"
RI,2015,Heroin ,78
OR,2022,"Synthetic opioids, excl. methadone and rehabilitory compounds",689
OR,2022,Other natural & semi-synthetic opioids,171
OR,2022,Cocaine,106
OR,2022,Number of Drug Overdose Deaths,"1,238"
OR,2022,Number of Deaths,"46,447"
PA,2015,Number of Drug Overdose Deaths,"3,250"
PA,2015,Number of Deaths,"134,598"
PA,2016,Number of Deaths,"134,523"
PA,2016,Number of Drug Overdose Deaths,"4,648"
PA,2017,Number of Drug Overdose Deaths,"5,697"
PA,2017,Number of Deaths,"137,438"
PA,2018,Number of Drug Overdose Deaths,"5,303"
PA,2018,Number of Deaths,"137,436"
PA,2019,Number of Deaths,"135,244"
PA,2019,Number of Drug Overdose Deaths,"4,444"
PA,2020,Number of Deaths,"156,610"
PA,2020,Number of Drug Overdose Deaths,"5,199"
PA,2021,Number of Deaths,"162,249"
PA,2021,Number of Drug Overdose Deaths,"5,469"
PA,2022,Number of Deaths,"156,843"
PA,2022,Number of Drug Overdose Deaths,"5,426"
RI,2015,"Synthetic opioids, excl. methadone and rehabilitory compounds",145
RI,2015,Other natural & semi-synthetic opioids,107
RI,2016,Heroin ,47
RI,2015,Cocaine,93
RI,2015,Number of Drug Overdose Deaths,323
RI,2015,Number of Deaths,"10,496"
RI,2016,"Synthetic opioids, excl. methadone and rehabilitory compounds",197
RI,2016,Cocaine,120
RI,2016,Other natural & semi-synthetic opioids,114
RI,2017,Heroin ,23
RI,2016,Number of Drug Overdose Deaths,346
RI,2016,Number of Deaths,"10,273"
RI,2017,Cocaine,121
RI,2017,Other natural & semi-synthetic opioids,90
RI,2017,"Synthetic opioids, excl. methadone and rehabilitory compounds",220
RI,2018,Heroin ,20
RI,2017,Number of Deaths,"10,444"
RI,2017,Number of Drug Overdose Deaths,350
RI,2018,Other natural & semi-synthetic opioids,78
RI,2018,"Synthetic opioids, excl. methadone and rehabilitory compounds",226
RI,2019,Heroin ,23
RI,2018,Cocaine,140
RI,2018,Number of Deaths,"10,507"
RI,2018,Number of Drug Overdose Deaths,333
RI,2020,Heroin ,18
RI,2019,"Synthetic opioids, excl. methadone and rehabilitory compounds",234
RI,2019,Other natural & semi-synthetic opioids,63
RI,2019,Cocaine,152
RI,2019,Number of Deaths,"10,619"
RI,2019,Number of Drug Overdose Deaths,349
SC,2015,Heroin ,93
RI,2020,"Synthetic opioids, excl. methadone and rehabilitory compounds",291
RI,2020,Other natural & semi-synthetic opioids,49
RI,2020,Cocaine,192
RI,2020,Number of Deaths,"12,160"
RI,2020,Number of Drug Overdose Deaths,397
RI,2021,Other natural & semi-synthetic opioids,42
RI,2021,"Synthetic opioids, excl. methadone and rehabilitory compounds",346
RI,2021,Cocaine,221
RI,2021,Number of Drug Overdose Deaths,460
RI,2021,Number of Deaths,"12,590"
RI,2022,"Synthetic opioids, excl. methadone and rehabilitory compounds",363
RI,2022,Other natural & semi-synthetic opioids,48
RI,2022,Cocaine,232
RI,2022,Number of Deaths,"11,600"
RI,2022,Number of Drug Overdose Deaths,476
SC,2015,"Synthetic opioids, excl. methadone and rehabilitory compounds",169
SC,2015,Other natural & semi-synthetic opioids,327
SC,2016,Heroin ,116
SC,2015,Cocaine,108
SC,2015,Number of Drug Overdose Deaths,747
SC,2015,Number of Deaths,"46,453"
SC,2016,"Synthetic opioids, excl. methadone and rehabilitory compounds",234
SC,2016,Cocaine,142
SC,2016,Other natural & semi-synthetic opioids,354
SC,2017,Heroin ,144
SC,2016,Number of Deaths,"47,123"
SC,2016,Number of Drug Overdose Deaths,871
SC,2017,Cocaine,235
SC,2017,Other natural & semi-synthetic opioids,350
SC,2017,"Synthetic opioids, excl. methadone and rehabilitory compounds",397
SC,2018,Heroin ,168
SC,2017,Number of Deaths,"48,418"
SC,2017,Number of Drug Overdose Deaths,"1,020"
SC,2018,Other natural & semi-synthetic opioids,335
SC,2018,"Synthetic opioids, excl. methadone and rehabilitory compounds",497
SC,2019,Heroin ,205
SC,2018,Cocaine,254
SC,2018,Number of Drug Overdose Deaths,"1,106"
SC,2018,Number of Deaths,"49,573"
SC,2020,Heroin ,256
SC,2019,"Synthetic opioids, excl. methadone and rehabilitory compounds",575
SC,2019,Other natural & semi-synthetic opioids,367
SC,2019,Cocaine,250
SC,2019,Number of Deaths,"50,008"
SC,2019,Number of Drug Overdose Deaths,"1,131"
SC,2020,"Synthetic opioids, excl. methadone and rehabilitory compounds","1,133"
SC,2021,Heroin ,231
SC,2020,Other natural & semi-synthetic opioids,419
SC,2020,Cocaine,359
SC,2020,Number of Deaths,"60,285"
SC,2020,Number of Drug Overdose Deaths,"1,729"
SC,2021,Other natural & semi-synthetic opioids,442
SC,2021,"Synthetic opioids, excl. methadone and rehabilitory compounds","1,528"
SC,2022,Heroin ,133
SC,2021,Cocaine,446
SC,2021,Number of Drug Overdose Deaths,"2,131"
SC,2021,Number of Deaths,"64,952"
SD,2017,Heroin ,10
SC,2022,"Synthetic opioids, excl. methadone and rehabilitory compounds","1,629"
SC,2022,Other natural & semi-synthetic opioids,362
SC,2022,Cocaine,528
SC,2022,Number of Deaths,"64,020"
SC,2022,Number of Drug Overdose Deaths,"2,257"
SD,2018,Heroin ,10
TN,2015,Heroin ,199
SD,2015,Other natural & semi-synthetic opioids,18
SD,2015,Number of Drug Overdose Deaths,64
SD,2015,Number of Deaths,"7,950"
SD,2016,"Synthetic opioids, excl. methadone and rehabilitory compounds",13
SD,2016,Other natural & semi-synthetic opioids,27
SD,2016,Number of Deaths,"7,945"
SD,2016,Number of Drug Overdose Deaths,71
SD,2017,Other natural & semi-synthetic opioids,27
SD,2017,"Synthetic opioids, excl. methadone and rehabilitory compounds",14
SD,2017,Number of Drug Overdose Deaths,76
TN,2016,Heroin ,265
SD,2017,Number of Deaths,"8,207"
SD,2018,Other natural & semi-synthetic opioids,15
SD,2018,"Synthetic opioids, excl. methadone and rehabilitory compounds",17
SD,2018,Number of Drug Overdose Deaths,69
SD,2018,Number of Deaths,"8,132"
SD,2019,"Synthetic opioids, excl. methadone and rehabilitory compounds",25
SD,2019,Other natural & semi-synthetic opioids,15
SD,2019,Number of Deaths,"8,387"
SD,2019,Number of Drug Overdose Deaths,89
SD,2020,Number of Drug Overdose Deaths,95
SD,2020,"Synthetic opioids, excl. methadone and rehabilitory compounds",30
SD,2020,Other natural & semi-synthetic opioids,13
SD,2020,Number of Deaths,"10,126"
SD,2021,Other natural & semi-synthetic opioids,14
SD,2021,"Synthetic opioids, excl. methadone and rehabilitory compounds",34
SD,2021,Number of Deaths,"10,311"
SD,2021,Number of Drug Overdose Deaths,103
SD,2022,"Synthetic opioids, excl. methadone and rehabilitory compounds",35
SD,2022,Other natural & semi-synthetic opioids,15
SD,2022,Number of Drug Overdose Deaths,103
SD,2022,Number of Deaths,"9,684"
TN,2015,"Synthetic opioids, excl. methadone and rehabilitory compounds",248
TN,2015,Other natural & semi-synthetic opioids,652
TN,2015,Cocaine,196
TN,2015,Number of Drug Overdose Deaths,"1,455"
TN,2015,Number of Deaths,"70,639"
TN,2016,"Synthetic opioids, excl. methadone and rehabilitory compounds",394
TN,2016,Cocaine,252
TN,2016,Other natural & semi-synthetic opioids,696
TN,2017,Heroin ,304
TN,2016,Number of Deaths,"71,506"
TN,2016,Number of Drug Overdose Deaths,"1,643"
TN,2017,Cocaine,319
TN,2017,Other natural & semi-synthetic opioids,678
TN,2017,"Synthetic opioids, excl. methadone and rehabilitory compounds",600
TN,2018,Heroin ,373
TN,2017,Number of Drug Overdose Deaths,"1,783"
TN,2017,Number of Deaths,"73,694"
TN,2018,Other natural & semi-synthetic opioids,578
TN,2018,"Synthetic opioids, excl. methadone and rehabilitory compounds",834
TN,2019,Heroin ,396
TN,2018,Cocaine,302
TN,2018,Number of Drug Overdose Deaths,"1,851"
TN,2018,Number of Deaths,"75,024"
TN,2020,Heroin ,372
TN,2019,"Synthetic opioids, excl. methadone and rehabilitory compounds","1,168"
TN,2019,Other natural & semi-synthetic opioids,510
TN,2019,Cocaine,343
TN,2019,Number of Drug Overdose Deaths,"2,138"
TN,2019,Number of Deaths,"75,491"
TN,2020,"Synthetic opioids, excl. methadone and rehabilitory compounds","2,129"
TN,2021,Heroin ,330
TN,2020,Other natural & semi-synthetic opioids,574
TN,2020,Cocaine,436
TN,2020,Number of Deaths,"88,401"
TN,2020,Number of Drug Overdose Deaths,"3,090"
TN,2021,Other natural & semi-synthetic opioids,624
TN,2021,"Synthetic opioids, excl. methadone and rehabilitory compounds","2,850"
TN,2022,Heroin ,150
TN,2021,Cocaine,631
TN,2021,Number of Drug Overdose Deaths,"3,861"
TN,2021,Number of Deaths,"97,420"
TX,2018,Heroin ,655
TN,2022,Number of Drug Overdose Deaths,"3,810"
TN,2022,"Synthetic opioids, excl. methadone and rehabilitory compounds","2,868"
TN,2022,Other natural & semi-synthetic opioids,597
TX,2019,Heroin ,731
TN,2022,Cocaine,712
TN,2022,Number of Deaths,"96,171"
TX,2015,Number of Drug Overdose Deaths,"2,625"
TX,2015,Number of Deaths,"192,890"
TX,2016,Number of Deaths,"194,843"
TX,2016,Number of Drug Overdose Deaths,"2,812"
TX,2017,Number of Drug Overdose Deaths,"2,950"
TX,2017,Number of Deaths,"200,830"
TX,2018,Number of Deaths,"206,008"
TX,2018,Number of Drug Overdose Deaths,"3,036"
TX,2018,"Synthetic opioids, excl. methadone and rehabilitory compounds",345
TX,2018,Other natural & semi-synthetic opioids,471
TX,2018,Cocaine,760
TX,2020,Heroin ,810
TX,2019,"Synthetic opioids, excl. methadone and rehabilitory compounds",375
TX,2019,Other natural & semi-synthetic opioids,464
TX,2019,Cocaine,760
TX,2019,Number of Deaths,"206,453"
TX,2019,Number of Drug Overdose Deaths,"3,123"
TX,2020,"Synthetic opioids, excl. methadone and rehabilitory compounds","1,012"
TX,2021,Heroin ,814
TX,2020,Other natural & semi-synthetic opioids,535
TX,2020,Cocaine,"1,041"
TX,2020,Number of Deaths,"253,701"
TX,2020,Number of Drug Overdose Deaths,"4,154"
TX,2021,Other natural & semi-synthetic opioids,621
TX,2021,"Synthetic opioids, excl. methadone and rehabilitory compounds","1,788"
TX,2022,Heroin ,724
TX,2021,Cocaine,"1,193"
TX,2021,Number of Drug Overdose Deaths,"4,912"
TX,2021,Number of Deaths,"279,891"
UT,2015,Heroin ,132
TX,2022,"Synthetic opioids, excl. methadone and rehabilitory compounds","2,249"
TX,2022,Other natural & semi-synthetic opioids,639
TX,2022,Cocaine,"1,339"
TX,2022,Number of Deaths,"267,117"
TX,2022,Number of Drug Overdose Deaths,"5,191"
UT,2015,"Synthetic opioids, excl. methadone and rehabilitory compounds",70
UT,2015,Other natural & semi-synthetic opioids,375
UT,2016,Heroin ,168
UT,2015,Cocaine,46
UT,2015,Number of Drug Overdose Deaths,657
UT,2015,Number of Deaths,"17,898"
UT,2016,"Synthetic opioids, excl. methadone and rehabilitory compounds",89
UT,2016,Cocaine,58
UT,2016,Other natural & semi-synthetic opioids,399
UT,2017,Heroin ,170
UT,2016,Number of Drug Overdose Deaths,717
UT,2016,Number of Deaths,"18,531"
UT,2017,Cocaine,51
UT,2017,Other natural & semi-synthetic opioids,317
UT,2017,"Synthetic opioids, excl. methadone and rehabilitory compounds",88
UT,2018,Heroin ,170
UT,2017,Number of Drug Overdose Deaths,645
UT,2017,Number of Deaths,"18,748"
UT,2018,Other natural & semi-synthetic opioids,308
UT,2018,"Synthetic opioids, excl. methadone and rehabilitory compounds",92
UT,2019,Heroin ,157
UT,2018,Cocaine,60
UT,2018,Number of Deaths,"19,043"
UT,2018,Number of Drug Overdose Deaths,671
UT,2020,Heroin ,149
UT,2019,"Synthetic opioids, excl. methadone and rehabilitory compounds",97
UT,2019,Other natural & semi-synthetic opioids,282
UT,2019,Cocaine,55
UT,2019,Number of Deaths,"19,428"
UT,2019,Number of Drug Overdose Deaths,634
UT,2020,"Synthetic opioids, excl. methadone and rehabilitory compounds",157
UT,2021,Heroin ,152
UT,2020,Other natural & semi-synthetic opioids,253
UT,2020,Cocaine,43
UT,2020,Number of Deaths,"22,212"
UT,2020,Number of Drug Overdose Deaths,621
UT,2021,Other natural & semi-synthetic opioids,220
UT,2021,"Synthetic opioids, excl. methadone and rehabilitory compounds",198
UT,2022,Heroin ,146
UT,2021,Cocaine,52
UT,2021,Number of Drug Overdose Deaths,685
UT,2021,Number of Deaths,"23,651"
VA,2015,Heroin ,341
UT,2022,"Synthetic opioids, excl. methadone and rehabilitory compounds",216
UT,2022,Other natural & semi-synthetic opioids,205
UT,2022,Cocaine,51
UT,2022,Number of Deaths,"24,252"
UT,2022,Number of Drug Overdose Deaths,691
VA,2015,"Synthetic opioids, excl. methadone and rehabilitory compounds",261
VA,2015,Other natural & semi-synthetic opioids,320
VA,2016,Heroin ,439
VA,2015,Cocaine,157
VA,2015,Number of Drug Overdose Deaths,"1,016"
VA,2015,Number of Deaths,"65,166"
VA,2016,"Synthetic opioids, excl. methadone and rehabilitory compounds",650
VA,2016,Cocaine,257
VA,2016,Other natural & semi-synthetic opioids,345
VA,2017,Heroin ,539
VA,2016,Number of Deaths,"65,580"
VA,2016,Number of Drug Overdose Deaths,"1,356"
VA,2017,Cocaine,343
VA,2017,Other natural & semi-synthetic opioids,352
VA,2017,"Synthetic opioids, excl. methadone and rehabilitory compounds",797
VA,2018,Heroin ,564
VA,2017,Number of Drug Overdose Deaths,"1,455"
VA,2017,Number of Deaths,"67,731"
VA,2018,Other natural & semi-synthetic opioids,334
VA,2018,"Synthetic opioids, excl. methadone and rehabilitory compounds",881
VA,2019,Heroin ,577
VA,2018,Cocaine,414
VA,2018,Number of Deaths,"68,516"
VA,2018,Number of Drug Overdose Deaths,"1,484"
VA,2020,Heroin ,567
VA,2019,"Synthetic opioids, excl. methadone and rehabilitory compounds",970
VA,2019,Other natural & semi-synthetic opioids,254
VA,2019,Cocaine,414
VA,2019,Number of Drug Overdose Deaths,"1,538"
VA,2019,Number of Deaths,"69,498"
VA,2020,"Synthetic opioids, excl. methadone and rehabilitory compounds","1,640"
VA,2021,Heroin ,504
VA,2020,Other natural & semi-synthetic opioids,277
VA,2020,Cocaine,546
VA,2020,Number of Deaths,"79,510"
VA,2020,Number of Drug Overdose Deaths,"2,185"
VA,2021,Other natural & semi-synthetic opioids,298
VA,2021,"Synthetic opioids, excl. methadone and rehabilitory compounds","2,047"
VA,2022,Heroin ,387
VA,2021,Cocaine,746
VA,2021,Number of Drug Overdose Deaths,"2,603"
VA,2021,Number of Deaths,"85,049"
VT,2015,Heroin ,35
VA,2022,"Synthetic opioids, excl. methadone and rehabilitory compounds","2,024"
VA,2022,Other natural & semi-synthetic opioids,266
VA,2022,Cocaine,851
VA,2022,Number of Drug Overdose Deaths,"2,584"
VA,2022,Number of Deaths,"85,577"
VT,2015,"Synthetic opioids, excl. methadone and rehabilitory compounds",36
VT,2015,Other natural & semi-synthetic opioids,25
VT,2016,Heroin ,50
VT,2015,Number of Drug Overdose Deaths,100
VT,2015,Cocaine,14
VT,2015,Number of Deaths,"5,819"
VT,2016,"Synthetic opioids, excl. methadone and rehabilitory compounds",56
VT,2016,Cocaine,25
VT,2016,Other natural & semi-synthetic opioids,27
VT,2017,Heroin ,53
VT,2016,Number of Deaths,"5,787"
VT,2016,Number of Drug Overdose Deaths,136
VT,2017,Cocaine,40
VT,2017,Number of Deaths,"5,838"
VT,2017,Other natural & semi-synthetic opioids,28
VT,2017,"Synthetic opioids, excl. methadone and rehabilitory compounds",78
VT,2018,Heroin ,64
VT,2017,Number of Drug Overdose Deaths,139
VT,2018,Other natural & semi-synthetic opioids,28
VT,2018,"Synthetic opioids, excl. methadone and rehabilitory compounds",100
VT,2019,Heroin ,69
VT,2018,Cocaine,55
VT,2018,Number of Deaths,"5,863"
VT,2018,Number of Drug Overdose Deaths,146
VT,2020,Heroin ,41
VT,2019,"Synthetic opioids, excl. methadone and rehabilitory compounds",102
VT,2019,Other natural & semi-synthetic opioids,25
VT,2019,Cocaine,51
VT,2019,Number of Drug Overdose Deaths,150
VT,2019,Number of Deaths,"5,729"
VT,2020,"Synthetic opioids, excl. methadone and rehabilitory compounds",133
VT,2021,Heroin ,41
VT,2020,Other natural & semi-synthetic opioids,28
VT,2020,Cocaine,68
VT,2020,Number of Deaths,"6,177"
VT,2020,Number of Drug Overdose Deaths,186
VT,2021,Other natural & semi-synthetic opioids,31
VT,2021,"Synthetic opioids, excl. methadone and rehabilitory compounds",208
VT,2022,Heroin ,28
VT,2021,Cocaine,108
VT,2021,Number of Deaths,"6,648"
VT,2021,Number of Drug Overdose Deaths,255
WA,2015,Heroin ,311
VT,2022,"Synthetic opioids, excl. methadone and rehabilitory compounds",219
VT,2022,Other natural & semi-synthetic opioids,39
VT,2022,Cocaine,120
VT,2022,Number of Deaths,"6,950"
VT,2022,Number of Drug Overdose Deaths,262
WA,2015,"Synthetic opioids, excl. methadone and rehabilitory compounds",74
WA,2015,Other natural & semi-synthetic opioids,291
WA,2016,Heroin ,335
WA,2015,Cocaine,88
WA,2015,Number of Drug Overdose Deaths,"1,110"
WA,2015,Number of Deaths,"54,460"
WA,2016,"Synthetic opioids, excl. methadone and rehabilitory compounds",94
WA,2016,Cocaine,93
WA,2016,Other natural & semi-synthetic opioids,308
WA,2017,Heroin ,317
WA,2016,Number of Deaths,"54,840"
WA,2016,Number of Drug Overdose Deaths,"1,183"
WA,2017,Cocaine,108
WA,2017,Other natural & semi-synthetic opioids,283
WA,2017,"Synthetic opioids, excl. methadone and rehabilitory compounds",136
WA,2018,Heroin ,329
WA,2017,Number of Drug Overdose Deaths,"1,168"
WA,2017,Number of Deaths,"57,004"
WA,2018,Other natural & semi-synthetic opioids,250
WA,2018,"Synthetic opioids, excl. methadone and rehabilitory compounds",219
WA,2019,Heroin ,347
WA,2018,Cocaine,128
WA,2018,Number of Drug Overdose Deaths,"1,182"
WA,2018,Number of Deaths,"57,102"
WA,2020,Heroin ,385
WA,2019,"Synthetic opioids, excl. methadone and rehabilitory compounds",328
WA,2019,Other natural & semi-synthetic opioids,215
WA,2019,Cocaine,133
WA,2019,Number of Deaths,"58,220"
WA,2019,Number of Drug Overdose Deaths,"1,251"
WA,2020,"Synthetic opioids, excl. methadone and rehabilitory compounds",661
WA,2021,Heroin ,417
WA,2020,Other natural & semi-synthetic opioids,237
WA,2020,Cocaine,192
WA,2020,Number of Deaths,"63,019"
WA,2020,Number of Drug Overdose Deaths,"1,726"
WA,2021,Other natural & semi-synthetic opioids,303
WA,2021,"Synthetic opioids, excl. methadone and rehabilitory compounds","1,215"
WA,2022,Heroin ,321
WA,2021,Cocaine,224
WA,2021,Number of Deaths,"68,697"
WA,2021,Number of Drug Overdose Deaths,"2,235"
WI,2015,Heroin ,289
WA,2022,"Synthetic opioids, excl. methadone and rehabilitory compounds","1,706"
WA,2022,Other natural & semi-synthetic opioids,315
WA,2022,Cocaine,337
WI,2016,Heroin ,388
WA,2022,Number of Deaths,"70,996"
WA,2022,Number of Drug Overdose Deaths,"2,519"
WI,2015,Cocaine,106
WI,2015,"Synthetic opioids, excl. methadone and rehabilitory compounds",103
WI,2015,Other natural & semi-synthetic opioids,271
WI,2017,Heroin ,438
WI,2015,Number of Deaths,"51,449"
WI,2015,Number of Drug Overdose Deaths,880
WI,2016,"Synthetic opioids, excl. methadone and rehabilitory compounds",287
WI,2016,Cocaine,160
WI,2016,Other natural & semi-synthetic opioids,325
WI,2016,Number of Deaths,"51,650"
WI,2016,Number of Drug Overdose Deaths,"1,079"
WI,2017,Cocaine,263
WI,2017,Other natural & semi-synthetic opioids,336
WI,2017,"Synthetic opioids, excl. methadone and rehabilitory compounds",464
WI,2018,Heroin ,398
WI,2017,Number of Drug Overdose Deaths,"1,177"
WI,2017,Number of Deaths,"52,591"
WI,2018,Other natural & semi-synthetic opioids,306
WI,2018,"Synthetic opioids, excl. methadone and rehabilitory compounds",528
WI,2019,Heroin ,340
WI,2018,Cocaine,286
WI,2018,Number of Drug Overdose Deaths,"1,173"
WI,2018,Number of Deaths,"53,738"
WI,2020,Heroin ,296
WI,2019,"Synthetic opioids, excl. methadone and rehabilitory compounds",657
WI,2019,Other natural & semi-synthetic opioids,254
WI,2019,Cocaine,306
WI,2019,Number of Deaths,"53,985"
WI,2019,Number of Drug Overdose Deaths,"1,200"
WI,2020,"Synthetic opioids, excl. methadone and rehabilitory compounds","1,076"
WI,2021,Heroin ,257
WI,2020,Other natural & semi-synthetic opioids,297
WI,2020,Cocaine,426
WI,2020,Number of Deaths,"62,467"
WI,2020,Number of Drug Overdose Deaths,"1,531"
WI,2021,Other natural & semi-synthetic opioids,300
WI,2021,"Synthetic opioids, excl. methadone and rehabilitory compounds","1,293"
WI,2022,Heroin ,166
WI,2021,Cocaine,550
WI,2021,Number of Drug Overdose Deaths,"1,759"
WI,2021,Number of Deaths,"63,209"
WV,2015,Heroin ,208
WI,2022,"Synthetic opioids, excl. methadone and rehabilitory compounds","1,372"
WI,2022,Other natural & semi-synthetic opioids,324
WI,2022,Cocaine,630
WI,2022,Number of Deaths,"63,386"
WI,2022,Number of Drug Overdose Deaths,"1,851"
WV,2015,"Synthetic opioids, excl. methadone and rehabilitory compounds",224
WV,2015,Other natural & semi-synthetic opioids,390
WV,2016,Heroin ,244
WV,2015,Cocaine,100
WV,2015,Number of Drug Overdose Deaths,729
WV,2015,Number of Deaths,"22,365"
WV,2016,"Synthetic opioids, excl. methadone and rehabilitory compounds",432
WV,2016,Cocaine,152
WV,2016,Other natural & semi-synthetic opioids,361
WV,2017,Heroin ,261
WV,2016,Number of Deaths,"21,990"
WV,2016,Number of Drug Overdose Deaths,879
WV,2017,Cocaine,204
WV,2017,Other natural & semi-synthetic opioids,324
WV,2017,"Synthetic opioids, excl. methadone and rehabilitory compounds",646
WV,2018,Heroin ,251
WV,2017,Number of Drug Overdose Deaths,"1,027"
WV,2017,Number of Deaths,"22,562"
WV,2018,Other natural & semi-synthetic opioids,272
WV,2018,"Synthetic opioids, excl. methadone and rehabilitory compounds",620
WV,2019,Heroin ,199
WV,2018,Cocaine,198
WV,2018,Number of Drug Overdose Deaths,942
WV,2018,Number of Deaths,"23,165"
WV,2020,Heroin ,161
WV,2019,"Synthetic opioids, excl. methadone and rehabilitory compounds",573
WV,2019,Other natural & semi-synthetic opioids,220
WV,2019,Cocaine,163
WV,2019,Number of Deaths,"22,897"
WV,2019,Number of Drug Overdose Deaths,887
WV,2020,"Synthetic opioids, excl. methadone and rehabilitory compounds","1,052"
WV,2021,Heroin ,141
WV,2020,Other natural & semi-synthetic opioids,283
WV,2020,Cocaine,140
WV,2020,Number of Deaths,"25,648"
WV,2020,Number of Drug Overdose Deaths,"1,331"
WV,2021,Other natural & semi-synthetic opioids,296
WV,2021,"Synthetic opioids, excl. methadone and rehabilitory compounds","1,263"
WV,2022,Heroin ,38
WV,2021,Cocaine,161
WV,2021,Number of Drug Overdose Deaths,"1,539"
WV,2021,Number of Deaths,"29,038"
WY,2019,Heroin ,10
WY,2020,Heroin ,13
WV,2022,"Synthetic opioids, excl. methadone and rehabilitory compounds","1,172"
WV,2022,Other natural & semi-synthetic opioids,208
WV,2022,Cocaine,158
WV,2022,Number of Drug Overdose Deaths,"1,474"
WV,2022,Number of Deaths,"29,372"
WY,2021,Heroin ,16
WY,2015,Number of Deaths,"4,526"
WY,2015,Number of Drug Overdose Deaths,112
WY,2016,Number of Deaths,"4,454"
WY,2016,Number of Drug Overdose Deaths,101
WY,2017,Other natural & semi-synthetic opioids,31
WY,2017,"Synthetic opioids, excl. methadone and rehabilitory compounds",15
WY,2017,Number of Drug Overdose Deaths,91
WY,2017,Number of Deaths,"4,383"
WY,2018,Other natural & semi-synthetic opioids,31
WY,2018,"Synthetic opioids, excl. methadone and rehabilitory compounds",14
WY,2018,Number of Deaths,"4,664"
WY,2018,Number of Drug Overdose Deaths,68
WY,2019,"Synthetic opioids, excl. methadone and rehabilitory compounds",16
WY,2019,Other natural & semi-synthetic opioids,31
WY,2019,Number of Drug Overdose Deaths,74
WY,2019,Number of Deaths,"4,717"
WY,2020,"Synthetic opioids, excl. methadone and rehabilitory compounds",29
WY,2020,Other natural & semi-synthetic opioids,29
WY,2020,Number of Deaths,"5,527"
WY,2020,Number of Drug Overdose Deaths,109
WY,2021,Other natural & semi-synthetic opioids,29
WY,2021,"Synthetic opioids, excl. methadone and rehabilitory compounds",36
WY,2022,Heroin ,12
WY,2021,Number of Drug Overdose Deaths,105
WY,2021,Number of Deaths,"6,074"
WY,2022,"Synthetic opioids, excl. methadone and rehabilitory compounds",53
WY,2022,Other natural & semi-synthetic opioids,33
WY,2022,Number of Deaths,"6,155"
WY,2022,Number of Drug Overdose Deaths,119